index,sequence.start,batch,Desorb.Start.Time,CreationTime,eithertime,status,Tube,markes_n,GC_n,either_n,markes_GC,create_desorb,desorb.Start.diff,Mixup,nameBlank,kBlank,Cluster,n_peaks,verdict,FileName,sample,user,FullName,id,fuzzy_n,sample2
5099,2022-07-26T13:16:22Z,PG_Lagg_220726a_1.txt,2022-07-26T20:51:35Z,2022-07-26T21:07:26Z,2022-07-26T20:51:35Z,Desorbed NA,,,,2,,,,,,,,,NA,Lagg_283_D_220721_7262022_02.qgd,NA,NA,C:/GCMSsolution/Data/Project1/Campbell RMBL Data/Ipomopsis 2022/Lagg_283_D_220721_7262022_02.qgd,2871620b-e81d-44e9-8f5f-4d3d6b8636d0,1,Lagg_283_D_220721_7262022_02.qgd
5100,2022-07-26T13:16:22Z,PG_Lagg_220726a_1.txt,2022-07-26T21:23:33Z,2022-07-26T21:39:27Z,2022-07-26T21:23:33Z,Desorbed NA,,,,3,,,,,,,,,NA,Lagg_562_D_220721_7262022_03.qgd,NA,NA,C:/GCMSsolution/Data/Project1/Campbell RMBL Data/Ipomopsis 2022/Lagg_562_D_220721_7262022_03.qgd,2871620b-e81d-44e9-8f5f-4d3d6b8636d0,1,Lagg_562_D_220721_7262022_03.qgd
5101,2022-07-26T13:16:22Z,PG_Lagg_220726a_1.txt,2022-07-26T21:55:46Z,2022-07-26T22:11:37Z,2022-07-26T21:55:46Z,Desorbed NA,,,,4,,,,,,,,,NA,Lagg_281_D_220721_7262022_04.qgd,NA,NA,C:/GCMSsolution/Data/Project1/Campbell RMBL Data/Ipomopsis 2022/Lagg_281_D_220721_7262022_04.qgd,2871620b-e81d-44e9-8f5f-4d3d6b8636d0,1,Lagg_281_D_220721_7262022_04.qgd
5102,2022-07-26T13:16:22Z,PG_Lagg_220726a_1.txt,2022-07-26T22:12:28Z,2022-07-26T22:44:04Z,2022-07-26T22:12:28Z,Desorbed NA,,,,5,,,,,,,,,NA,Lagg_574_D_220721_7262022_05.qgd,NA,NA,C:/GCMSsolution/Data/Project1/Campbell RMBL Data/Ipomopsis 2022/Lagg_574_D_220721_7262022_05.qgd,2871620b-e81d-44e9-8f5f-4d3d6b8636d0,1,Lagg_574_D_220721_7262022_05.qgd
5103,2022-07-26T13:16:22Z,PG_Lagg_220726a_1.txt,2022-07-26T23:00:57Z,2022-07-26T23:16:44Z,2022-07-26T23:00:57Z,Desorbed NA,,,,6,,,,,,,,,NA,Lagg_598_D_220721_7262022_06.qgd,NA,NA,C:/GCMSsolution/Data/Project1/Campbell RMBL Data/Ipomopsis 2022/Lagg_598_D_220721_7262022_06.qgd,2871620b-e81d-44e9-8f5f-4d3d6b8636d0,1,Lagg_598_D_220721_7262022_06.qgd
5104,2022-07-26T13:16:22Z,PG_Lagg_220726a_1.txt,2022-07-26T23:33:36Z,2022-07-26T23:49:24Z,2022-07-26T23:33:36Z,Desorbed NA,,,,7,,,,,,,,,NA,Lagg_332_D_220721_7262022_07.qgd,NA,NA,C:/GCMSsolution/Data/Project1/Campbell RMBL Data/Ipomopsis 2022/Lagg_332_D_220721_7262022_07.qgd,2871620b-e81d-44e9-8f5f-4d3d6b8636d0,1,Lagg_332_D_220721_7262022_07.qgd
5105,2022-07-26T13:16:22Z,PG_Lagg_220726a_1.txt,2022-07-27T00:05:33Z,2022-07-27T00:21:23Z,2022-07-27T00:05:33Z,Desorbed NA,,,,8,,,,,,,,,NA,Lagg_341_D_220721_7262022_08.qgd,NA,NA,C:/GCMSsolution/Data/Project1/Campbell RMBL Data/Ipomopsis 2022/Lagg_341_D_220721_7262022_08.qgd,2871620b-e81d-44e9-8f5f-4d3d6b8636d0,1,Lagg_341_D_220721_7262022_08.qgd
5106,2022-07-26T13:16:22Z,PG_Lagg_220726a_1.txt,2022-07-27T00:38:20Z,2022-07-27T00:53:58Z,2022-07-27T00:38:20Z,Desorbed NA,,,,9,,,,,,,,,NA,Lagg_337_D_220721_7262022_09.qgd,NA,NA,C:/GCMSsolution/Data/Project1/Campbell RMBL Data/Ipomopsis 2022/Lagg_337_D_220721_7262022_09.qgd,2871620b-e81d-44e9-8f5f-4d3d6b8636d0,1,Lagg_337_D_220721_7262022_09.qgd
5107,2022-07-26T13:16:22Z,PG_Lagg_220726a_1.txt,2022-07-27T01:10:22Z,2022-07-27T01:26:11Z,2022-07-27T01:10:22Z,Desorbed NA,,,,10,,,,,,,,,NA,Lagg_334_D_220721_7262022_10.qgd,NA,NA,C:/GCMSsolution/Data/Project1/Campbell RMBL Data/Ipomopsis 2022/Lagg_334_D_220721_7262022_10.qgd,2871620b-e81d-44e9-8f5f-4d3d6b8636d0,1,Lagg_334_D_220721_7262022_10.qgd
5108,2022-07-26T18:50:54Z,PG_Lagg_220726a_2.txt,2022-07-27T01:55:37Z,2022-07-27T02:05:52Z,2022-07-27T01:55:37Z,Desorbed NA,,,,1,,,,,,,,,NA,Lagg_541_N_220721_7262022_01.qgd,NA,NA,C:/GCMSsolution/Data/Project1/Campbell RMBL Data/Ipomopsis 2022/Lagg_541_N_220721_7262022_01.qgd,c1fbdccf-ce43-4b38-a98f-8a9799542763,1,Lagg_541_N_220721_7262022_01.qgd
5109,2022-07-26T18:50:54Z,PG_Lagg_220726a_2.txt,2022-07-27T02:26:05Z,2022-07-27T02:41:55Z,2022-07-27T02:26:05Z,Desorbed NA,,,,2,,,,,,,,,NA,Lagg_297_N_220721_7262022_02.qgd,NA,NA,C:/GCMSsolution/Data/Project1/Campbell RMBL Data/Ipomopsis 2022/Lagg_297_N_220721_7262022_02.qgd,c1fbdccf-ce43-4b38-a98f-8a9799542763,1,Lagg_297_N_220721_7262022_02.qgd
5110,2022-07-26T18:50:54Z,PG_Lagg_220726a_2.txt,2022-07-27T02:57:50Z,2022-07-27T03:13:41Z,2022-07-27T02:57:50Z,Desorbed NA,,,,3,,,,,,,,,NA,Lagg_562_N_220721_7262022_03.qgd,NA,NA,C:/GCMSsolution/Data/Project1/Campbell RMBL Data/Ipomopsis 2022/Lagg_562_N_220721_7262022_03.qgd,c1fbdccf-ce43-4b38-a98f-8a9799542763,1,Lagg_562_N_220721_7262022_03.qgd
5111,2022-07-26T18:50:54Z,PG_Lagg_220726a_2.txt,2022-07-27T03:29:33Z,2022-07-27T03:45:22Z,2022-07-27T03:29:33Z,Desorbed NA,,,,4,,,,,,,,,NA,Lagg_2100_N_220721_7262022_04.qgd,NA,NA,C:/GCMSsolution/Data/Project1/Campbell RMBL Data/Ipomopsis 2022/Lagg_2100_N_220721_7262022_04.qgd,c1fbdccf-ce43-4b38-a98f-8a9799542763,1,Lagg_2100_N_220721_7262022_04.qgd
5112,2022-07-26T18:50:54Z,PG_Lagg_220726a_2.txt,2022-07-27T04:01:03Z,2022-07-27T04:16:42Z,2022-07-27T04:01:03Z,Desorbed NA,,,,5,,,,,,,,,NA,Lagg_293_N_220721_7262022_05.qgd,NA,NA,C:/GCMSsolution/Data/Project1/Campbell RMBL Data/Ipomopsis 2022/Lagg_293_N_220721_7262022_05.qgd,c1fbdccf-ce43-4b38-a98f-8a9799542763,1,Lagg_293_N_220721_7262022_05.qgd
5113,2022-07-26T18:50:54Z,PG_Lagg_220726a_2.txt,2022-07-27T04:32:15Z,2022-07-27T04:47:54Z,2022-07-27T04:32:15Z,Desorbed NA,,,,6,,,,,,,,,NA,Lagg_322_N_220721_7262022_06.qgd,NA,NA,C:/GCMSsolution/Data/Project1/Campbell RMBL Data/Ipomopsis 2022/Lagg_322_N_220721_7262022_06.qgd,c1fbdccf-ce43-4b38-a98f-8a9799542763,1,Lagg_322_N_220721_7262022_06.qgd
5114,2022-07-26T18:50:54Z,PG_Lagg_220726a_2.txt,2022-07-27T05:03:19Z,2022-07-27T05:19:09Z,2022-07-27T05:03:19Z,Desorbed NA,,,,7,,,,,,,,,NA,Lagg_320_N_220721_7262022_07.qgd,NA,NA,C:/GCMSsolution/Data/Project1/Campbell RMBL Data/Ipomopsis 2022/Lagg_320_N_220721_7262022_07.qgd,c1fbdccf-ce43-4b38-a98f-8a9799542763,1,Lagg_320_N_220721_7262022_07.qgd
5115,2022-07-26T18:50:54Z,PG_Lagg_220726a_2.txt,2022-07-27T05:34:21Z,2022-07-27T05:50:14Z,2022-07-27T05:34:21Z,Desorbed NA,,,,8,,,,,,,,,NA,Lagg_AIRJK_N_220721_7262022_08.qgd,NA,NA,C:/GCMSsolution/Data/Project1/Campbell RMBL Data/Ipomopsis 2022/Lagg_AIRJK_N_220721_7262022_08.qgd,c1fbdccf-ce43-4b38-a98f-8a9799542763,1,Lagg_AIRJK_N_220721_7262022_08.qgd
5116,2022-07-26T18:50:54Z,PG_Lagg_220726a_2.txt,2022-07-27T06:05:22Z,2022-07-27T06:21:15Z,2022-07-27T06:05:22Z,Desorbed NA,,,,9,,,,,,,,,NA,Lagg_539_N_220721_7262022_09.qgd,NA,NA,C:/GCMSsolution/Data/Project1/Campbell RMBL Data/Ipomopsis 2022/Lagg_539_N_220721_7262022_09.qgd,c1fbdccf-ce43-4b38-a98f-8a9799542763,1,Lagg_539_N_220721_7262022_09.qgd
5117,2022-07-26T18:50:54Z,PG_Lagg_220726a_2.txt,2022-07-27T06:36:22Z,2022-07-27T06:52:12Z,2022-07-27T06:36:22Z,Desorbed NA,,,,10,,,,,,,,,NA,Lagg_540_N_220721_7262022_10.qgd,NA,NA,C:/GCMSsolution/Data/Project1/Campbell RMBL Data/Ipomopsis 2022/Lagg_540_N_220721_7262022_10.qgd,c1fbdccf-ce43-4b38-a98f-8a9799542763,1,Lagg_540_N_220721_7262022_10.qgd
5118,2022-07-26T18:50:54Z,PG_Lagg_220726a_2.txt,2022-07-27T07:08:13Z,2022-07-27T07:23:03Z,2022-07-27T07:08:13Z,Desorbed NA,,,,11,,,,,,,,,NA,Lagg_563_D_220721_7262022_11.qgd,NA,NA,C:/GCMSsolution/Data/Project1/Campbell RMBL Data/Ipomopsis 2022/Lagg_563_D_220721_7262022_11.qgd,c1fbdccf-ce43-4b38-a98f-8a9799542763,1,Lagg_563_D_220721_7262022_11.qgd
5119,2022-07-26T18:50:54Z,PG_Lagg_220726a_2.txt,2022-07-27T07:38:41Z,2022-07-27T07:54:31Z,2022-07-27T07:38:41Z,Desorbed NA,,,,12,,,,,,,,,NA,Lagg_548_D_220721_7262022_12.qgd,NA,NA,C:/GCMSsolution/Data/Project1/Campbell RMBL Data/Ipomopsis 2022/Lagg_548_D_220721_7262022_12.qgd,c1fbdccf-ce43-4b38-a98f-8a9799542763,1,Lagg_548_D_220721_7262022_12.qgd
5120,2022-07-26T18:50:54Z,PG_Lagg_220726a_2.txt,2022-07-27T08:09:23Z,2022-07-27T08:25:12Z,2022-07-27T08:09:23Z,Desorbed NA,,,,13,,,,,,,,,NA,Lagg_AIRJP_D_220721_7262022_13.qgd,NA,NA,C:/GCMSsolution/Data/Project1/Campbell RMBL Data/Ipomopsis 2022/Lagg_AIRJP_D_220721_7262022_13.qgd,c1fbdccf-ce43-4b38-a98f-8a9799542763,1,Lagg_AIRJP_D_220721_7262022_13.qgd
5121,2022-07-26T18:50:54Z,PG_Lagg_220726a_2.txt,2022-07-27T08:40:02Z,2022-07-27T08:55:50Z,2022-07-27T08:40:02Z,Desorbed NA,,,,14,,,,,,,,,NA,Lagg_297_D_220721_7262022_14.qgd,NA,NA,C:/GCMSsolution/Data/Project1/Campbell RMBL Data/Ipomopsis 2022/Lagg_297_D_220721_7262022_14.qgd,c1fbdccf-ce43-4b38-a98f-8a9799542763,1,Lagg_297_D_220721_7262022_14.qgd
7684,2022-07-27T09:00:45Z,PG_Lagg_220726a_2.txt,2022-07-27T16:04:35Z,2022-07-27T09:26:20Z,2022-07-27T09:26:20Z,NA NA,,,,15,,,,,,,,,mismatch,Lagg_2100_D_220721_7262022_15.qgd,NA,NA,C:/GCMSsolution/Data/Project1/Campbell RMBL Data/Ipomopsis 2022/Lagg_2100_D_220721_7262022_15.qgd,NA,1105,Lagg_2100_D_220721_7262022_15.qgd
5123,2022-07-27T09:00:45Z,PG_Lagg_220726a_2.txt,2022-07-27T16:35:02Z,2022-07-27T16:50:53Z,2022-07-27T16:35:02Z,Desorbed NA,,,,2,,,,,,,,,NA,Lagg_325_D_220721_7262022_16.qgd,NA,NA,C:/GCMSsolution/Data/Project1/Campbell RMBL Data/Ipomopsis 2022/Lagg_325_D_220721_7262022_16.qgd,c9bb4479-5bd3-4ecd-9cbc-5a322ddb0465,1,Lagg_325_D_220721_7262022_16.qgd
5124,2022-07-27T09:00:45Z,PG_Lagg_220726a_2.txt,2022-07-27T17:05:43Z,2022-07-27T17:21:35Z,2022-07-27T17:05:43Z,Desorbed NA,,,,3,,,,,,,,,NA,Lagg_AIRDH_D_220721_7262022_17.qgd,NA,NA,C:/GCMSsolution/Data/Project1/Campbell RMBL Data/Ipomopsis 2022/Lagg_AIRDH_D_220721_7262022_17.qgd,c9bb4479-5bd3-4ecd-9cbc-5a322ddb0465,1,Lagg_AIRDH_D_220721_7262022_17.qgd
5125,2022-07-27T09:00:45Z,PG_Lagg_220726a_2.txt,2022-07-27T17:36:51Z,2022-07-27T17:52:39Z,2022-07-27T17:36:51Z,Desorbed NA,,,,4,,,,,,,,,NA,Lagg_317_D_220721_7262022_18.qgd,NA,NA,C:/GCMSsolution/Data/Project1/Campbell RMBL Data/Ipomopsis 2022/Lagg_317_D_220721_7262022_18.qgd,c9bb4479-5bd3-4ecd-9cbc-5a322ddb0465,1,Lagg_317_D_220721_7262022_18.qgd
5126,2022-07-27T09:00:45Z,PG_Lagg_220726a_2.txt,2022-07-27T18:08:07Z,2022-07-27T18:23:54Z,2022-07-27T18:08:07Z,Desorbed NA,,,,5,,,,,,,,,NA,Lagg_584_D_220721_7262022_19.qgd,NA,NA,C:/GCMSsolution/Data/Project1/Campbell RMBL Data/Ipomopsis 2022/Lagg_584_D_220721_7262022_19.qgd,c9bb4479-5bd3-4ecd-9cbc-5a322ddb0465,1,Lagg_584_D_220721_7262022_19.qgd
5127,2022-07-27T09:00:45Z,PG_Lagg_220726a_2.txt,2022-07-27T18:39:35Z,2022-07-27T18:55:27Z,2022-07-27T18:39:35Z,Desorbed NA,,,,6,,,,,,,,,NA,Lagg_320_D_220721_7262022_20.qgd,NA,NA,C:/GCMSsolution/Data/Project1/Campbell RMBL Data/Ipomopsis 2022/Lagg_320_D_220721_7262022_20.qgd,c9bb4479-5bd3-4ecd-9cbc-5a322ddb0465,1,Lagg_320_D_220721_7262022_20.qgd
5128,2022-07-27T09:00:45Z,PG_Lagg_220726a_2.txt,2022-07-27T19:12:20Z,2022-07-27T19:27:08Z,2022-07-27T19:12:20Z,Desorbed NA,,,,7,,,,,,,,,NA,Lagg_607_N_220721_7262022_21.qgd,NA,NA,C:/GCMSsolution/Data/Project1/Campbell RMBL Data/Ipomopsis 2022/Lagg_607_N_220721_7262022_21.qgd,c9bb4479-5bd3-4ecd-9cbc-5a322ddb0465,1,Lagg_607_N_220721_7262022_21.qgd
5129,2022-07-27T09:00:45Z,PG_Lagg_220726a_2.txt,2022-07-27T19:43:18Z,2022-07-27T19:58:59Z,2022-07-27T19:43:18Z,Desorbed NA,,,,8,,,,,,,,,NA,Lagg_323_N_220721_7262022_22.qgd,NA,NA,C:/GCMSsolution/Data/Project1/Campbell RMBL Data/Ipomopsis 2022/Lagg_323_N_220721_7262022_22.qgd,c9bb4479-5bd3-4ecd-9cbc-5a322ddb0465,1,Lagg_323_N_220721_7262022_22.qgd
5130,2022-07-27T09:00:45Z,PG_Lagg_220726a_2.txt,2022-07-27T20:15:22Z,2022-07-27T20:31:00Z,2022-07-27T20:15:22Z,Desorbed NA,,,,9,,,,,,,,,NA,Lagg_76_N_220721_7262022_23.qgd,NA,NA,C:/GCMSsolution/Data/Project1/Campbell RMBL Data/Ipomopsis 2022/Lagg_76_N_220721_7262022_23.qgd,c9bb4479-5bd3-4ecd-9cbc-5a322ddb0465,1,Lagg_76_N_220721_7262022_23.qgd
5131,2022-07-27T09:00:45Z,PG_Lagg_220726a_2.txt,2022-07-27T20:47:37Z,2022-07-27T21:03:36Z,2022-07-27T20:47:37Z,NA Leak Test Pressurise Failed,,,,10,,,,,,,,,leak-blank,Lagg_AIRDH_N_220721_7262022_24.qgd,NA,NA,C:/GCMSsolution/Data/Project1/Campbell RMBL Data/Ipomopsis 2022/Lagg_AIRDH_N_220721_7262022_24.qgd,c9bb4479-5bd3-4ecd-9cbc-5a322ddb0465,1,Lagg_AIRDH_N_220721_7262022_24.qgd
5132,2022-07-27T09:00:45Z,PG_Lagg_220726a_2.txt,2022-07-27T21:19:52Z,2022-07-27T21:35:08Z,2022-07-27T21:19:52Z,Desorbed NA,,,,11,,,,,,,,,NA,Lagg_598_N_220721_7262022_25.qgd,NA,NA,C:/GCMSsolution/Data/Project1/Campbell RMBL Data/Ipomopsis 2022/Lagg_598_N_220721_7262022_25.qgd,c9bb4479-5bd3-4ecd-9cbc-5a322ddb0465,1,Lagg_598_N_220721_7262022_25.qgd
5133,2022-07-27T09:00:45Z,PG_Lagg_220726a_2.txt,2022-07-27T21:51:24Z,2022-07-27T22:07:16Z,2022-07-27T21:51:24Z,Desorbed NA,,,,12,,,,,,,,,NA,Lagg_320_N_220721_7262022_26.qgd,NA,NA,C:/GCMSsolution/Data/Project1/Campbell RMBL Data/Ipomopsis 2022/Lagg_320_N_220721_7262022_26.qgd,c9bb4479-5bd3-4ecd-9cbc-5a322ddb0465,1,Lagg_320_N_220721_7262022_26.qgd
5134,2022-07-27T16:07:57Z,PG_Lagg_220726a_3.txt,2022-07-27T23:12:46Z,2022-07-27T23:21:12Z,2022-07-27T23:12:46Z,Desorbed NA,,,,1,,,,,,,,,NA,Lagg_613_N_220721_7272022_01.qgd,NA,NA,C:/GCMSsolution/Data/Project1/Campbell RMBL Data/Ipomopsis 2022/Lagg_613_N_220721_7272022_01.qgd,7093cc50-ae29-4dbe-9362-ac1305317e01,1,Lagg_613_N_220721_7272022_01.qgd
5135,2022-07-27T16:07:57Z,PG_Lagg_220726a_3.txt,2022-07-27T23:43:11Z,2022-07-27T23:59:04Z,2022-07-27T23:43:11Z,Desorbed NA,,,,2,,,,,,,,,NA,Lagg_614_N_220721_7272022_02.qgd,NA,NA,C:/GCMSsolution/Data/Project1/Campbell RMBL Data/Ipomopsis 2022/Lagg_614_N_220721_7272022_02.qgd,7093cc50-ae29-4dbe-9362-ac1305317e01,1,Lagg_614_N_220721_7272022_02.qgd
5136,2022-07-27T16:07:57Z,PG_Lagg_220726a_3.txt,2022-07-28T00:15:54Z,2022-07-28T00:31:45Z,2022-07-28T00:15:54Z,Desorbed NA,,,,3,,,,,,,,,NA,Lagg_344_N_220721_7272022_03.qgd,NA,NA,C:/GCMSsolution/Data/Project1/Campbell RMBL Data/Ipomopsis 2022/Lagg_344_N_220721_7272022_03.qgd,7093cc50-ae29-4dbe-9362-ac1305317e01,1,Lagg_344_N_220721_7272022_03.qgd
5137,2022-07-27T16:07:57Z,PG_Lagg_220726a_3.txt,2022-07-28T00:48:00Z,2022-07-28T01:03:53Z,2022-07-28T00:48:00Z,Desorbed NA,,,,4,,,,,,,,,NA,Lagg_615_N_220721_7272022_04.qgd,NA,NA,C:/GCMSsolution/Data/Project1/Campbell RMBL Data/Ipomopsis 2022/Lagg_615_N_220721_7272022_04.qgd,7093cc50-ae29-4dbe-9362-ac1305317e01,1,Lagg_615_N_220721_7272022_04.qgd
5138,2022-07-27T16:07:57Z,PG_Lagg_220726a_3.txt,2022-07-28T01:19:55Z,2022-07-28T01:35:43Z,2022-07-28T01:19:55Z,Desorbed NA,,,,5,,,,,,,,,NA,Lagg_601_N_220721_7272022_05.qgd,NA,NA,C:/GCMSsolution/Data/Project1/Campbell RMBL Data/Ipomopsis 2022/Lagg_601_N_220721_7272022_05.qgd,7093cc50-ae29-4dbe-9362-ac1305317e01,1,Lagg_601_N_220721_7272022_05.qgd
5139,2022-07-27T16:07:57Z,PG_Lagg_220726a_3.txt,2022-07-28T01:51:34Z,2022-07-28T02:07:23Z,2022-07-28T01:51:34Z,Desorbed NA,,,,6,,,,,,,,,NA,Lagg_599_N_220721_7272022_06.qgd,NA,NA,C:/GCMSsolution/Data/Project1/Campbell RMBL Data/Ipomopsis 2022/Lagg_599_N_220721_7272022_06.qgd,7093cc50-ae29-4dbe-9362-ac1305317e01,1,Lagg_599_N_220721_7272022_06.qgd
5140,2022-07-27T16:07:57Z,PG_Lagg_220726a_3.txt,2022-07-28T02:23:06Z,2022-07-28T02:38:55Z,2022-07-28T02:23:06Z,Desorbed NA,,,,7,,,,,,,,,NA,Lagg_608_N_220721_7272022_07.qgd,NA,NA,C:/GCMSsolution/Data/Project1/Campbell RMBL Data/Ipomopsis 2022/Lagg_608_N_220721_7272022_07.qgd,7093cc50-ae29-4dbe-9362-ac1305317e01,1,Lagg_608_N_220721_7272022_07.qgd
5141,2022-07-27T16:07:57Z,PG_Lagg_220726a_3.txt,2022-07-28T02:54:32Z,2022-07-28T03:10:23Z,2022-07-28T02:54:32Z,Desorbed NA,,,,8,,,,,,,,,NA,Lagg_near85_N_220721_7272022_08.qgd,NA,NA,C:/GCMSsolution/Data/Project1/Campbell RMBL Data/Ipomopsis 2022/Lagg_near85_N_220721_7272022_08.qgd,7093cc50-ae29-4dbe-9362-ac1305317e01,1,Lagg_near85_N_220721_7272022_08.qgd
5142,2022-07-27T16:07:57Z,PG_Lagg_220726a_3.txt,2022-07-28T03:25:46Z,2022-07-28T03:41:27Z,2022-07-28T03:25:46Z,Desorbed NA,,,,9,,,,,,,,,NA,Lagg_616_N_220721_7272022_09.qgd,NA,NA,C:/GCMSsolution/Data/Project1/Campbell RMBL Data/Ipomopsis 2022/Lagg_616_N_220721_7272022_09.qgd,7093cc50-ae29-4dbe-9362-ac1305317e01,1,Lagg_616_N_220721_7272022_09.qgd
5143,2022-07-27T16:07:57Z,PG_Lagg_220726a_3.txt,2022-07-28T03:56:53Z,2022-07-28T04:12:46Z,2022-07-28T03:56:53Z,Desorbed NA,,,,10,,,,,,,,,NA,Lagg_AIRAA_N_220721_7272022_10.qgd,NA,NA,C:/GCMSsolution/Data/Project1/Campbell RMBL Data/Ipomopsis 2022/Lagg_AIRAA_N_220721_7272022_10.qgd,7093cc50-ae29-4dbe-9362-ac1305317e01,1,Lagg_AIRAA_N_220721_7272022_10.qgd
5144,2022-07-27T16:07:57Z,PG_Lagg_220726a_3.txt,2022-07-28T04:28:58Z,2022-07-28T04:43:55Z,2022-07-28T04:28:58Z,Desorbed NA,,,,11,,,,,,,,,NA,Lagg_566_D_220721_7272022_11.qgd,NA,NA,C:/GCMSsolution/Data/Project1/Campbell RMBL Data/Ipomopsis 2022/Lagg_566_D_220721_7272022_11.qgd,7093cc50-ae29-4dbe-9362-ac1305317e01,1,Lagg_566_D_220721_7272022_11.qgd
5145,2022-07-27T16:07:57Z,PG_Lagg_220726a_3.txt,2022-07-28T04:59:24Z,2022-07-28T05:15:16Z,2022-07-28T04:59:24Z,Desorbed NA,,,,12,,,,,,,,,NA,Lagg_322_D_220721_7272022_12.qgd,NA,NA,C:/GCMSsolution/Data/Project1/Campbell RMBL Data/Ipomopsis 2022/Lagg_322_D_220721_7272022_12.qgd,7093cc50-ae29-4dbe-9362-ac1305317e01,1,Lagg_322_D_220721_7272022_12.qgd
5146,2022-07-27T16:07:57Z,PG_Lagg_220726a_3.txt,2022-07-28T05:30:19Z,2022-07-28T05:46:01Z,2022-07-28T05:30:19Z,Desorbed NA,,,,13,,,,,,,,,NA,Lagg_568_D_220721_7272022_13.qgd,NA,NA,C:/GCMSsolution/Data/Project1/Campbell RMBL Data/Ipomopsis 2022/Lagg_568_D_220721_7272022_13.qgd,7093cc50-ae29-4dbe-9362-ac1305317e01,1,Lagg_568_D_220721_7272022_13.qgd
5147,2022-07-27T16:07:57Z,PG_Lagg_220726a_3.txt,2022-07-28T06:01:07Z,2022-07-28T06:17:00Z,2022-07-28T06:01:07Z,Desorbed NA,,,,14,,,,,,,,,NA,Lagg_541_D_220721_7272022_14.qgd,NA,NA,C:/GCMSsolution/Data/Project1/Campbell RMBL Data/Ipomopsis 2022/Lagg_541_D_220721_7272022_14.qgd,7093cc50-ae29-4dbe-9362-ac1305317e01,1,Lagg_541_D_220721_7272022_14.qgd
5148,2022-07-27T16:07:57Z,PG_Lagg_220726a_3.txt,2022-07-28T06:32:07Z,2022-07-28T06:47:51Z,2022-07-28T06:32:07Z,Desorbed NA,,,,15,,,,,,,,,NA,Lagg_283_N_220721_7272022_15.qgd,NA,NA,C:/GCMSsolution/Data/Project1/Campbell RMBL Data/Ipomopsis 2022/Lagg_283_N_220721_7272022_15.qgd,7093cc50-ae29-4dbe-9362-ac1305317e01,1,Lagg_283_N_220721_7272022_15.qgd
5149,2022-07-27T16:07:57Z,PG_Lagg_220726a_3.txt,2022-07-28T07:02:51Z,2022-07-28T07:18:28Z,2022-07-28T07:02:51Z,Desorbed NA,,,,16,,,,,,,,,NA,Lagg_590_N_220721_7272022_16.qgd,NA,NA,C:/GCMSsolution/Data/Project1/Campbell RMBL Data/Ipomopsis 2022/Lagg_590_N_220721_7272022_16.qgd,7093cc50-ae29-4dbe-9362-ac1305317e01,1,Lagg_590_N_220721_7272022_16.qgd
5150,2022-07-27T16:07:57Z,PG_Lagg_220726a_3.txt,2022-07-28T07:33:28Z,2022-07-28T07:49:23Z,2022-07-28T07:33:28Z,Desorbed NA,,,,17,,,,,,,,,NA,Lagg_341_N_220721_7272022_17.qgd,NA,NA,C:/GCMSsolution/Data/Project1/Campbell RMBL Data/Ipomopsis 2022/Lagg_341_N_220721_7272022_17.qgd,7093cc50-ae29-4dbe-9362-ac1305317e01,1,Lagg_341_N_220721_7272022_17.qgd
5151,2022-07-27T16:07:57Z,PG_Lagg_220726a_3.txt,2022-07-28T08:04:19Z,2022-07-28T08:20:13Z,2022-07-28T08:04:19Z,Desorbed NA,,,,18,,,,,,,,,NA,Lagg_566_N_220721_7272022_18.qgd,NA,NA,C:/GCMSsolution/Data/Project1/Campbell RMBL Data/Ipomopsis 2022/Lagg_566_N_220721_7272022_18.qgd,7093cc50-ae29-4dbe-9362-ac1305317e01,1,Lagg_566_N_220721_7272022_18.qgd
5152,2022-07-27T16:07:57Z,PG_Lagg_220726a_3.txt,2022-07-28T08:35:13Z,2022-07-28T08:50:58Z,2022-07-28T08:35:13Z,Desorbed NA,,,,19,,,,,,,,,NA,Lagg_554_N_220721_7272022_19.qgd,NA,NA,C:/GCMSsolution/Data/Project1/Campbell RMBL Data/Ipomopsis 2022/Lagg_554_N_220721_7272022_19.qgd,7093cc50-ae29-4dbe-9362-ac1305317e01,1,Lagg_554_N_220721_7272022_19.qgd
5153,2022-07-27T16:07:57Z,PG_Lagg_220726a_3.txt,2022-07-28T09:05:58Z,2022-07-28T09:21:48Z,2022-07-28T09:05:58Z,Desorbed NA,,,,20,,,,,,,,,NA,Lagg_543_N_220721_7272022_20.qgd,NA,NA,C:/GCMSsolution/Data/Project1/Campbell RMBL Data/Ipomopsis 2022/Lagg_543_N_220721_7272022_20.qgd,7093cc50-ae29-4dbe-9362-ac1305317e01,1,Lagg_543_N_220721_7272022_20.qgd
5154,2022-07-27T16:07:57Z,PG_Lagg_220726a_3.txt,2022-07-28T09:37:43Z,2022-07-28T09:52:38Z,2022-07-28T09:37:43Z,Desorbed NA,,,,21,,,,,,,,,NA,Lagg_AIRAA_D_220721_7272022_21.qgd,NA,NA,C:/GCMSsolution/Data/Project1/Campbell RMBL Data/Ipomopsis 2022/Lagg_AIRAA_D_220721_7272022_21.qgd,7093cc50-ae29-4dbe-9362-ac1305317e01,1,Lagg_AIRAA_D_220721_7272022_21.qgd
5155,2022-07-27T16:07:57Z,PG_Lagg_220726a_3.txt,2022-07-28T10:08:14Z,2022-07-28T10:24:01Z,2022-07-28T10:08:14Z,Desorbed NA,,,,22,,,,,,,,,NA,Lagg_550_D_220721_7272022_22.qgd,NA,NA,C:/GCMSsolution/Data/Project1/Campbell RMBL Data/Ipomopsis 2022/Lagg_550_D_220721_7272022_22.qgd,7093cc50-ae29-4dbe-9362-ac1305317e01,1,Lagg_550_D_220721_7272022_22.qgd
5156,2022-07-27T16:07:57Z,PG_Lagg_220726a_3.txt,2022-07-28T10:39:00Z,2022-07-28T10:54:50Z,2022-07-28T10:39:00Z,Desorbed NA,,,,23,,,,,,,,,NA,Lagg_546_D_220721_7272022_23.qgd,NA,NA,C:/GCMSsolution/Data/Project1/Campbell RMBL Data/Ipomopsis 2022/Lagg_546_D_220721_7272022_23.qgd,7093cc50-ae29-4dbe-9362-ac1305317e01,1,Lagg_546_D_220721_7272022_23.qgd
5157,2022-07-27T16:07:57Z,PG_Lagg_220726a_3.txt,2022-07-28T11:09:47Z,2022-07-28T11:25:40Z,2022-07-28T11:09:47Z,Desorbed NA,,,,24,,,,,,,,,NA,Lagg_AIRDH_N_220721_REDO_7272022_24.qgd,NA,NA,C:/GCMSsolution/Data/Project1/Campbell RMBL Data/Ipomopsis 2022/Lagg_AIRDH_N_220721_REDO_7272022_24.qgd,7093cc50-ae29-4dbe-9362-ac1305317e01,1,Lagg_AIRDH_N_220721_REDO_7272022_24.qgd
5158,2022-07-27T16:07:57Z,PG_Lagg_220726a_3.txt,2022-07-28T11:40:37Z,2022-07-28T11:56:30Z,2022-07-28T11:40:37Z,Desorbed NA,,,,25,,,,,,,,,NA,Lagg_543_D_220721_7272022_25.qgd,NA,NA,C:/GCMSsolution/Data/Project1/Campbell RMBL Data/Ipomopsis 2022/Lagg_543_D_220721_7272022_25.qgd,7093cc50-ae29-4dbe-9362-ac1305317e01,1,Lagg_543_D_220721_7272022_25.qgd
5159,2022-07-27T16:07:57Z,PG_Lagg_220726a_3.txt,2022-07-28T12:11:26Z,2022-07-28T12:27:16Z,2022-07-28T12:11:26Z,Desorbed NA,,,,26,,,,,,,,,NA,Lagg_596_D_220721_7272022_26.qgd,NA,NA,C:/GCMSsolution/Data/Project1/Campbell RMBL Data/Ipomopsis 2022/Lagg_596_D_220721_7272022_26.qgd,7093cc50-ae29-4dbe-9362-ac1305317e01,1,Lagg_596_D_220721_7272022_26.qgd
5167,2022-07-28T15:14:53Z,PG_Lagg_220727.txt,2022-07-28T22:19:50Z,2022-07-28T22:39:50Z,2022-07-28T22:19:50Z,Desorbed NA,,,,1,,,,,,,,,NA,Lagg_76_D_220721_7282022_01.qgd,NA,NA,C:/GCMSsolution/Data/Project1/Campbell RMBL Data/Ipomopsis 2022/Lagg_76_D_220721_7282022_01.qgd,50796f1f-277f-4b9b-a7fd-50e9f1c76ddf,1,Lagg_76_D_220721_7282022_01.qgd
5168,2022-07-28T15:14:53Z,PG_Lagg_220727.txt,2022-07-28T22:50:16Z,2022-07-28T23:06:11Z,2022-07-28T22:50:16Z,Desorbed NA,,,,2,,,,,,,,,NA,Lagg_589_D_220721_7282022_02.qgd,NA,NA,C:/GCMSsolution/Data/Project1/Campbell RMBL Data/Ipomopsis 2022/Lagg_589_D_220721_7282022_02.qgd,50796f1f-277f-4b9b-a7fd-50e9f1c76ddf,1,Lagg_589_D_220721_7282022_02.qgd
5169,2022-07-28T15:14:53Z,PG_Lagg_220727.txt,2022-07-28T23:21:16Z,2022-07-28T23:37:11Z,2022-07-28T23:21:16Z,Desorbed NA,,,,3,,,,,,,,,NA,Lagg_323_D_220721_7282022_03.qgd,NA,NA,C:/GCMSsolution/Data/Project1/Campbell RMBL Data/Ipomopsis 2022/Lagg_323_D_220721_7282022_03.qgd,50796f1f-277f-4b9b-a7fd-50e9f1c76ddf,1,Lagg_323_D_220721_7282022_03.qgd
5170,2022-07-28T15:14:53Z,PG_Lagg_220727.txt,2022-07-28T23:52:19Z,2022-07-29T00:08:10Z,2022-07-28T23:52:19Z,Desorbed NA,,,,4,,,,,,,,,NA,Lagg_598_D_220721_7282022_04.qgd,NA,NA,C:/GCMSsolution/Data/Project1/Campbell RMBL Data/Ipomopsis 2022/Lagg_598_D_220721_7282022_04.qgd,50796f1f-277f-4b9b-a7fd-50e9f1c76ddf,1,Lagg_598_D_220721_7282022_04.qgd
5171,2022-07-28T15:14:53Z,PG_Lagg_220727.txt,2022-07-29T00:23:25Z,2022-07-29T00:39:13Z,2022-07-29T00:23:25Z,Desorbed NA,,,,5,,,,,,,,,NA,Lagg_near85_D_220721_7282022_05.qgd,NA,NA,C:/GCMSsolution/Data/Project1/Campbell RMBL Data/Ipomopsis 2022/Lagg_near85_D_220721_7282022_05.qgd,50796f1f-277f-4b9b-a7fd-50e9f1c76ddf,1,Lagg_near85_D_220721_7282022_05.qgd
5172,2022-07-28T15:14:53Z,PG_Lagg_220727.txt,2022-07-29T00:54:22Z,2022-07-29T01:10:15Z,2022-07-29T00:54:22Z,Desorbed NA,,,,6,,,,,,,,,NA,Lagg_614_D_220721_7282022_06.qgd,NA,NA,C:/GCMSsolution/Data/Project1/Campbell RMBL Data/Ipomopsis 2022/Lagg_614_D_220721_7282022_06.qgd,50796f1f-277f-4b9b-a7fd-50e9f1c76ddf,1,Lagg_614_D_220721_7282022_06.qgd
5173,2022-07-28T15:14:53Z,PG_Lagg_220727.txt,2022-07-29T01:25:25Z,2022-07-29T01:41:17Z,2022-07-29T01:25:25Z,Desorbed NA,,,,7,,,,,,,,,NA,Lagg_613_D_220721_7282022_07.qgd,NA,NA,C:/GCMSsolution/Data/Project1/Campbell RMBL Data/Ipomopsis 2022/Lagg_613_D_220721_7282022_07.qgd,50796f1f-277f-4b9b-a7fd-50e9f1c76ddf,1,Lagg_613_D_220721_7282022_07.qgd
5174,2022-07-28T15:14:53Z,PG_Lagg_220727.txt,2022-07-29T01:56:24Z,2022-07-29T02:12:18Z,2022-07-29T01:56:24Z,Desorbed NA,,,,8,,,,,,,,,NA,Lagg_344_D_220721_7282022_08.qgd,NA,NA,C:/GCMSsolution/Data/Project1/Campbell RMBL Data/Ipomopsis 2022/Lagg_344_D_220721_7282022_08.qgd,50796f1f-277f-4b9b-a7fd-50e9f1c76ddf,1,Lagg_344_D_220721_7282022_08.qgd
5175,2022-07-28T15:14:53Z,PG_Lagg_220727.txt,2022-07-29T02:27:24Z,2022-07-29T02:43:16Z,2022-07-29T02:27:24Z,Desorbed NA,,,,9,,,,,,,,,NA,Lagg_608_D_220721_7282022_09.qgd,NA,NA,C:/GCMSsolution/Data/Project1/Campbell RMBL Data/Ipomopsis 2022/Lagg_608_D_220721_7282022_09.qgd,50796f1f-277f-4b9b-a7fd-50e9f1c76ddf,1,Lagg_608_D_220721_7282022_09.qgd
5176,2022-07-28T15:14:53Z,PG_Lagg_220727.txt,2022-07-29T02:58:31Z,2022-07-29T03:14:23Z,2022-07-29T02:58:31Z,Desorbed NA,,,,10,,,,,,,,,NA,Lagg_616_D_220721_7282022_10.qgd,NA,NA,C:/GCMSsolution/Data/Project1/Campbell RMBL Data/Ipomopsis 2022/Lagg_616_D_220721_7282022_10.qgd,50796f1f-277f-4b9b-a7fd-50e9f1c76ddf,1,Lagg_616_D_220721_7282022_10.qgd
5177,2022-07-28T15:14:53Z,PG_Lagg_220727.txt,2022-07-29T03:30:13Z,2022-07-29T03:45:03Z,2022-07-29T03:30:13Z,Desorbed NA,,,,11,,,,,,,,,NA,Lagg_588_D_220721_7282022_11.qgd,NA,NA,C:/GCMSsolution/Data/Project1/Campbell RMBL Data/Ipomopsis 2022/Lagg_588_D_220721_7282022_11.qgd,50796f1f-277f-4b9b-a7fd-50e9f1c76ddf,1,Lagg_588_D_220721_7282022_11.qgd
5178,2022-07-28T15:14:53Z,PG_Lagg_220727.txt,2022-07-29T04:00:38Z,2022-07-29T04:16:35Z,2022-07-29T04:00:38Z,Desorbed NA,,,,12,,,,,,,,,NA,Lagg_590_D_220721_7282022_12.qgd,NA,NA,C:/GCMSsolution/Data/Project1/Campbell RMBL Data/Ipomopsis 2022/Lagg_590_D_220721_7282022_12.qgd,50796f1f-277f-4b9b-a7fd-50e9f1c76ddf,1,Lagg_590_D_220721_7282022_12.qgd
5179,2022-07-28T15:14:53Z,PG_Lagg_220727.txt,2022-07-29T04:31:31Z,2022-07-29T04:47:25Z,2022-07-29T04:31:31Z,Desorbed NA,,,,13,,,,,,,,,NA,Lagg_548_D_220721_7282022_13.qgd,NA,NA,C:/GCMSsolution/Data/Project1/Campbell RMBL Data/Ipomopsis 2022/Lagg_548_D_220721_7282022_13.qgd,50796f1f-277f-4b9b-a7fd-50e9f1c76ddf,1,Lagg_548_D_220721_7282022_13.qgd
5180,2022-07-28T15:14:53Z,PG_Lagg_220727.txt,2022-07-29T05:02:24Z,2022-07-29T05:18:14Z,2022-07-29T05:02:24Z,Desorbed NA,,,,14,,,,,,,,,NA,Lagg_601_D_220721_7282022_14.qgd,NA,NA,C:/GCMSsolution/Data/Project1/Campbell RMBL Data/Ipomopsis 2022/Lagg_601_D_220721_7282022_14.qgd,50796f1f-277f-4b9b-a7fd-50e9f1c76ddf,1,Lagg_601_D_220721_7282022_14.qgd
5181,2022-07-28T15:14:53Z,PG_Lagg_220727.txt,2022-07-29T05:33:12Z,2022-07-29T05:49:00Z,2022-07-29T05:33:12Z,Desorbed NA,,,,15,,,,,,,,,NA,Lagg_550_N_220721_7282022_15.qgd,NA,NA,C:/GCMSsolution/Data/Project1/Campbell RMBL Data/Ipomopsis 2022/Lagg_550_N_220721_7282022_15.qgd,50796f1f-277f-4b9b-a7fd-50e9f1c76ddf,1,Lagg_550_N_220721_7282022_15.qgd
5182,2022-07-28T15:14:53Z,PG_Lagg_220727.txt,2022-07-29T06:03:58Z,2022-07-29T06:19:37Z,2022-07-29T06:03:58Z,Desorbed NA,,,,16,,,,,,,,,NA,Lagg_317_N_220721_7282022_16.qgd,NA,NA,C:/GCMSsolution/Data/Project1/Campbell RMBL Data/Ipomopsis 2022/Lagg_317_N_220721_7282022_16.qgd,50796f1f-277f-4b9b-a7fd-50e9f1c76ddf,1,Lagg_317_N_220721_7282022_16.qgd
5183,2022-07-28T15:14:53Z,PG_Lagg_220727.txt,2022-07-29T06:34:32Z,2022-07-29T06:50:27Z,2022-07-29T06:34:32Z,Desorbed NA,,,,17,,,,,,,,,NA,Lagg_AIRDH_N_220721_7282022_17.qgd,NA,NA,C:/GCMSsolution/Data/Project1/Campbell RMBL Data/Ipomopsis 2022/Lagg_AIRDH_N_220721_7282022_17.qgd,50796f1f-277f-4b9b-a7fd-50e9f1c76ddf,1,Lagg_AIRDH_N_220721_7282022_17.qgd
5184,2022-07-28T15:14:53Z,PG_Lagg_220727.txt,2022-07-29T07:05:21Z,2022-07-29T07:21:16Z,2022-07-29T07:05:21Z,Desorbed NA,,,,18,,,,,,,,,NA,Lagg_546_N_220721_7282022_18.qgd,NA,NA,C:/GCMSsolution/Data/Project1/Campbell RMBL Data/Ipomopsis 2022/Lagg_546_N_220721_7282022_18.qgd,50796f1f-277f-4b9b-a7fd-50e9f1c76ddf,1,Lagg_546_N_220721_7282022_18.qgd
5186,2022-07-28T15:14:53Z,PG_Lagg_220727.txt,2022-07-29T08:06:40Z,2022-07-29T08:22:35Z,2022-07-29T08:06:40Z,Desorbed NA,,,,20,,,,,,,,,NA,Lagg_596_N_220721_7282022_20.qgd,NA,NA,C:/GCMSsolution/Data/Project1/Campbell RMBL Data/Ipomopsis 2022/Lagg_596_N_220721_7282022_20.qgd,50796f1f-277f-4b9b-a7fd-50e9f1c76ddf,1,Lagg_596_N_220721_7282022_20.qgd
5187,2022-07-28T15:14:53Z,PG_Lagg_220727.txt,2022-07-29T08:38:19Z,2022-07-29T08:53:20Z,2022-07-29T08:38:19Z,Desorbed NA,,,,21,,,,,,,,,NA,Lagg_589_N_220721_7282022_21.qgd,NA,NA,C:/GCMSsolution/Data/Project1/Campbell RMBL Data/Ipomopsis 2022/Lagg_589_N_220721_7282022_21.qgd,50796f1f-277f-4b9b-a7fd-50e9f1c76ddf,1,Lagg_589_N_220721_7282022_21.qgd
5188,2022-07-28T15:14:53Z,PG_Lagg_220727.txt,2022-07-29T09:08:47Z,2022-07-29T09:24:39Z,2022-07-29T09:08:47Z,Desorbed NA,,,,22,,,,,,,,,NA,Lagg_293_N_220721_7282022_22.qgd,NA,NA,C:/GCMSsolution/Data/Project1/Campbell RMBL Data/Ipomopsis 2022/Lagg_293_N_220721_7282022_22.qgd,50796f1f-277f-4b9b-a7fd-50e9f1c76ddf,1,Lagg_293_N_220721_7282022_22.qgd
5189,2022-07-28T15:14:53Z,PG_Lagg_220727.txt,2022-07-29T09:39:26Z,2022-07-29T09:55:18Z,2022-07-29T09:39:26Z,Desorbed NA,,,,23,,,,,,,,,NA,Lagg_588_N_220721_7282022_23.qgd,NA,NA,C:/GCMSsolution/Data/Project1/Campbell RMBL Data/Ipomopsis 2022/Lagg_588_N_220721_7282022_23.qgd,50796f1f-277f-4b9b-a7fd-50e9f1c76ddf,1,Lagg_588_N_220721_7282022_23.qgd
5190,2022-07-28T15:14:53Z,PG_Lagg_220727.txt,2022-07-29T10:10:06Z,2022-07-29T10:25:47Z,2022-07-29T10:10:06Z,Desorbed NA,,,,24,,,,,,,,,NA,Lagg_415_N_220721_7282022_24.qgd,NA,NA,C:/GCMSsolution/Data/Project1/Campbell RMBL Data/Ipomopsis 2022/Lagg_415_N_220721_7282022_24.qgd,50796f1f-277f-4b9b-a7fd-50e9f1c76ddf,1,Lagg_415_N_220721_7282022_24.qgd
5191,2022-07-28T15:14:53Z,PG_Lagg_220727.txt,2022-07-29T10:40:32Z,2022-07-29T10:56:24Z,2022-07-29T10:40:32Z,Desorbed NA,,,,25,,,,,,,,,NA,Lagg_415_N_220721_7282022_25.qgd,NA,NA,C:/GCMSsolution/Data/Project1/Campbell RMBL Data/Ipomopsis 2022/Lagg_415_N_220721_7282022_25.qgd,50796f1f-277f-4b9b-a7fd-50e9f1c76ddf,1,Lagg_415_N_220721_7282022_25.qgd
5192,2022-07-28T15:14:53Z,PG_Lagg_220727.txt,2022-07-29T11:11:03Z,2022-07-29T11:26:55Z,2022-07-29T11:11:03Z,Desorbed NA,,,,26,,,,,,,,,NA,Ihyb_T26__220721_7282022_26.qgd,NA,NA,C:/GCMSsolution/Data/Project1/Campbell RMBL Data/Ipomopsis 2022/Ihyb_T26__220721_7282022_26.qgd,50796f1f-277f-4b9b-a7fd-50e9f1c76ddf,1,Ihyb_T26__220721_7282022_26.qgd
5194,2022-07-28T15:14:53Z,PG_Lagg_220727.txt,2022-07-29T12:12:02Z,2022-07-29T12:27:55Z,2022-07-29T12:12:02Z,Desorbed NA,,,,28,,,,,,,,,NA,Ihyb_T28__220723_7282022_28.qgd,NA,NA,C:/GCMSsolution/Data/Project1/Campbell RMBL Data/Ipomopsis 2022/Ihyb_T28__220723_7282022_28.qgd,50796f1f-277f-4b9b-a7fd-50e9f1c76ddf,1,Ihyb_T28__220723_7282022_28.qgd
5195,2022-07-28T15:14:53Z,PG_Lagg_220727.txt,2022-07-29T12:42:26Z,2022-07-29T12:58:23Z,2022-07-29T12:42:26Z,Desorbed NA,,,,29,,,,,,,,,NA,Ihyb_T29__220724_7282022_29.qgd,NA,NA,C:/GCMSsolution/Data/Project1/Campbell RMBL Data/Ipomopsis 2022/Ihyb_T29__220724_7282022_29.qgd,50796f1f-277f-4b9b-a7fd-50e9f1c76ddf,1,Ihyb_T29__220724_7282022_29.qgd
5196,2022-07-28T15:14:53Z,PG_Lagg_220727.txt,2022-07-29T13:12:55Z,2022-07-29T13:28:45Z,2022-07-29T13:12:55Z,Desorbed NA,,,,30,,,,,,,,,NA,Ihyb_T30__220725_7282022_30.qgd,NA,NA,C:/GCMSsolution/Data/Project1/Campbell RMBL Data/Ipomopsis 2022/Ihyb_T30__220725_7282022_30.qgd,50796f1f-277f-4b9b-a7fd-50e9f1c76ddf,1,Ihyb_T30__220725_7282022_30.qgd
5197,2022-07-28T15:14:53Z,PG_Lagg_220727.txt,2022-07-29T13:44:14Z,2022-07-29T13:59:14Z,2022-07-29T13:44:14Z,Desorbed NA,,,,31,,,,,,,,,NA,Ihyb_T31__220726_7282022_31.qgd,NA,NA,C:/GCMSsolution/Data/Project1/Campbell RMBL Data/Ipomopsis 2022/Ihyb_T31__220726_7282022_31.qgd,50796f1f-277f-4b9b-a7fd-50e9f1c76ddf,1,Ihyb_T31__220726_7282022_31.qgd
5198,2022-07-28T15:14:53Z,PG_Lagg_220727.txt,2022-07-29T14:14:45Z,2022-07-29T14:30:37Z,2022-07-29T14:14:45Z,Desorbed NA,,,,32,,,,,,,,,NA,Ihyb_T32__220727_7282022_32.qgd,NA,NA,C:/GCMSsolution/Data/Project1/Campbell RMBL Data/Ipomopsis 2022/Ihyb_T32__220727_7282022_32.qgd,50796f1f-277f-4b9b-a7fd-50e9f1c76ddf,1,Ihyb_T32__220727_7282022_32.qgd
5200,2022-07-29T08:56:19Z,PG_Ihyb_220729.txt,2022-07-29T16:01:15Z,2022-07-29T16:14:45Z,2022-07-29T16:01:15Z,Desorbed NA,,,,1,,,,,,,,,NA,Ihyb_732A_N_220727_7292022_01.qgd,NA,NA,C:/GCMSsolution/Data/Project1/Campbell RMBL Data/Ipomopsis 2022/Ihyb_732A_N_220727_7292022_01.qgd,e90d7444-17ca-477d-9061-0732b7a34089,1,Ihyb_732A_N_220727_7292022_01.qgd
5201,2022-07-29T08:56:19Z,PG_Ihyb_220729.txt,2022-07-29T16:31:43Z,2022-07-29T16:47:36Z,2022-07-29T16:31:43Z,Desorbed NA,,,,2,,,,,,,,,NA,Ihyb_530A_N_220727_7292022_02.qgd,NA,NA,C:/GCMSsolution/Data/Project1/Campbell RMBL Data/Ipomopsis 2022/Ihyb_530A_N_220727_7292022_02.qgd,e90d7444-17ca-477d-9061-0732b7a34089,1,Ihyb_530A_N_220727_7292022_02.qgd
5202,2022-07-29T08:56:19Z,PG_Ihyb_220729.txt,2022-07-29T17:02:12Z,2022-07-29T17:18:02Z,2022-07-29T17:02:12Z,Desorbed NA,,,,3,,,,,,,,,NA,Ihyb_797A_N_220727_7292022_03.qgd,NA,NA,C:/GCMSsolution/Data/Project1/Campbell RMBL Data/Ipomopsis 2022/Ihyb_797A_N_220727_7292022_03.qgd,e90d7444-17ca-477d-9061-0732b7a34089,1,Ihyb_797A_N_220727_7292022_03.qgd
5203,2022-07-29T08:56:19Z,PG_Ihyb_220729.txt,2022-07-29T17:32:49Z,2022-07-29T17:48:42Z,2022-07-29T17:32:49Z,Desorbed NA,,,,4,,,,,,,,,NA,Ihyb_798A_N_220727_7292022_04.qgd,NA,NA,C:/GCMSsolution/Data/Project1/Campbell RMBL Data/Ipomopsis 2022/Ihyb_798A_N_220727_7292022_04.qgd,e90d7444-17ca-477d-9061-0732b7a34089,1,Ihyb_798A_N_220727_7292022_04.qgd
5204,2022-07-29T08:56:19Z,PG_Ihyb_220729.txt,2022-07-29T18:03:28Z,2022-07-29T18:19:20Z,2022-07-29T18:03:28Z,Desorbed NA,,,,5,,,,,,,,,NA,Ihyb_719A_N_220727_7292022_05.qgd,NA,NA,C:/GCMSsolution/Data/Project1/Campbell RMBL Data/Ipomopsis 2022/Ihyb_719A_N_220727_7292022_05.qgd,e90d7444-17ca-477d-9061-0732b7a34089,1,Ihyb_719A_N_220727_7292022_05.qgd
5205,2022-07-29T08:56:19Z,PG_Ihyb_220729.txt,2022-07-29T18:34:12Z,2022-07-29T18:50:05Z,2022-07-29T18:34:12Z,Desorbed NA,,,,6,,,,,,,,,NA,Ihyb_706A_N_220727_7292022_06.qgd,NA,NA,C:/GCMSsolution/Data/Project1/Campbell RMBL Data/Ipomopsis 2022/Ihyb_706A_N_220727_7292022_06.qgd,e90d7444-17ca-477d-9061-0732b7a34089,1,Ihyb_706A_N_220727_7292022_06.qgd
5206,2022-07-29T08:56:19Z,PG_Ihyb_220729.txt,2022-07-29T19:05:13Z,2022-07-29T19:21:13Z,2022-07-29T19:05:13Z,Desorbed NA,,,,7,,,,,,,,,NA,Ihyb_701A_N_220727_7292022_07.qgd,NA,NA,C:/GCMSsolution/Data/Project1/Campbell RMBL Data/Ipomopsis 2022/Ihyb_701A_N_220727_7292022_07.qgd,e90d7444-17ca-477d-9061-0732b7a34089,1,Ihyb_701A_N_220727_7292022_07.qgd
5207,2022-07-29T08:56:19Z,PG_Ihyb_220729.txt,2022-07-29T19:36:29Z,2022-07-29T19:52:24Z,2022-07-29T19:36:29Z,Desorbed NA,,,,8,,,,,,,,,NA,Ihyb_701B_N_220727_7292022_08.qgd,NA,NA,C:/GCMSsolution/Data/Project1/Campbell RMBL Data/Ipomopsis 2022/Ihyb_701B_N_220727_7292022_08.qgd,e90d7444-17ca-477d-9061-0732b7a34089,1,Ihyb_701B_N_220727_7292022_08.qgd
5208,2022-07-29T08:56:19Z,PG_Ihyb_220729.txt,2022-07-29T20:07:51Z,2022-07-29T20:23:31Z,2022-07-29T20:07:51Z,Desorbed NA,,,,9,,,,,,,,,NA,Ihyb_732B_N_220727_7292022_09.qgd,NA,NA,C:/GCMSsolution/Data/Project1/Campbell RMBL Data/Ipomopsis 2022/Ihyb_732B_N_220727_7292022_09.qgd,e90d7444-17ca-477d-9061-0732b7a34089,1,Ihyb_732B_N_220727_7292022_09.qgd
5209,2022-07-29T08:56:19Z,PG_Ihyb_220729.txt,2022-07-29T20:39:10Z,2022-07-29T20:55:04Z,2022-07-29T20:39:10Z,Desorbed NA,,,,10,,,,,,,,,NA,Ihyb_530B_N_220727_7292022_10.qgd,NA,NA,C:/GCMSsolution/Data/Project1/Campbell RMBL Data/Ipomopsis 2022/Ihyb_530B_N_220727_7292022_10.qgd,e90d7444-17ca-477d-9061-0732b7a34089,1,Ihyb_530B_N_220727_7292022_10.qgd
5366,2022-07-31T23:48:13Z,PG_Ihyb_220801_1.txt,2022-08-01T06:53:07Z,2022-08-01T07:04:33Z,2022-08-01T06:53:07Z,Desorbed NA,,,,1,,,,,,,,,NA,Ihyb_503A_N_220727_812022_01.qgd,NA,NA,C:/GCMSsolution/Data/Project1/Campbell RMBL Data/Ipomopsis 2022/Ihyb_503A_N_220727_812022_01.qgd,326453c8-9aee-4914-99f4-6a0285dfa42b,1,Ihyb_503A_N_220727_812022_01.qgd
5367,2022-07-31T23:48:13Z,PG_Ihyb_220801_1.txt,2022-08-01T07:23:35Z,2022-08-01T07:39:22Z,2022-08-01T07:23:35Z,Desorbed NA,,,,2,,,,,,,,,NA,Ihyb_506A_N_220727_812022_02.qgd,NA,NA,C:/GCMSsolution/Data/Project1/Campbell RMBL Data/Ipomopsis 2022/Ihyb_506A_N_220727_812022_02.qgd,326453c8-9aee-4914-99f4-6a0285dfa42b,1,Ihyb_506A_N_220727_812022_02.qgd
5368,2022-07-31T23:48:13Z,PG_Ihyb_220801_1.txt,2022-08-01T07:54:06Z,2022-08-01T08:09:52Z,2022-08-01T07:54:06Z,Desorbed NA,,,,3,,,,,,,,,NA,Ihyb_799A_N_220727_812022_03.qgd,NA,NA,C:/GCMSsolution/Data/Project1/Campbell RMBL Data/Ipomopsis 2022/Ihyb_799A_N_220727_812022_03.qgd,326453c8-9aee-4914-99f4-6a0285dfa42b,1,Ihyb_799A_N_220727_812022_03.qgd
5369,2022-07-31T23:48:13Z,PG_Ihyb_220801_1.txt,2022-08-01T08:24:40Z,2022-08-01T08:40:27Z,2022-08-01T08:24:40Z,Desorbed NA,,,,4,,,,,,,,,NA,Ihyb_525A_N_220727_812022_04.qgd,NA,NA,C:/GCMSsolution/Data/Project1/Campbell RMBL Data/Ipomopsis 2022/Ihyb_525A_N_220727_812022_04.qgd,326453c8-9aee-4914-99f4-6a0285dfa42b,1,Ihyb_525A_N_220727_812022_04.qgd
5370,2022-07-31T23:48:13Z,PG_Ihyb_220801_1.txt,2022-08-01T08:55:17Z,2022-08-01T09:11:01Z,2022-08-01T08:55:17Z,Desorbed NA,,,,5,,,,,,,,,NA,Ihyb_502A_N_220727_812022_05.qgd,NA,NA,C:/GCMSsolution/Data/Project1/Campbell RMBL Data/Ipomopsis 2022/Ihyb_502A_N_220727_812022_05.qgd,326453c8-9aee-4914-99f4-6a0285dfa42b,1,Ihyb_502A_N_220727_812022_05.qgd
5371,2022-07-31T23:48:13Z,PG_Ihyb_220801_1.txt,2022-08-01T09:25:57Z,2022-08-01T09:41:38Z,2022-08-01T09:25:57Z,Desorbed NA,,,,6,,,,,,,,,NA,Ihyb_703A_N_220727_812022_06.qgd,NA,NA,C:/GCMSsolution/Data/Project1/Campbell RMBL Data/Ipomopsis 2022/Ihyb_703A_N_220727_812022_06.qgd,326453c8-9aee-4914-99f4-6a0285dfa42b,1,Ihyb_703A_N_220727_812022_06.qgd
5372,2022-07-31T23:48:13Z,PG_Ihyb_220801_1.txt,2022-08-01T09:56:27Z,2022-08-01T10:12:13Z,2022-08-01T09:56:27Z,Desorbed NA,,,,7,,,,,,,,,NA,Ihyb_709A_N_220727_812022_07.qgd,NA,NA,C:/GCMSsolution/Data/Project1/Campbell RMBL Data/Ipomopsis 2022/Ihyb_709A_N_220727_812022_07.qgd,326453c8-9aee-4914-99f4-6a0285dfa42b,1,Ihyb_709A_N_220727_812022_07.qgd
5373,2022-07-31T23:48:13Z,PG_Ihyb_220801_1.txt,2022-08-01T10:26:55Z,2022-08-01T10:42:41Z,2022-08-01T10:26:55Z,Desorbed NA,,,,8,,,,,,,,,NA,Ihyb_AIRAA_N_220727_812022_08.qgd,NA,NA,C:/GCMSsolution/Data/Project1/Campbell RMBL Data/Ipomopsis 2022/Ihyb_AIRAA_N_220727_812022_08.qgd,326453c8-9aee-4914-99f4-6a0285dfa42b,1,Ihyb_AIRAA_N_220727_812022_08.qgd
5374,2022-07-31T23:48:13Z,PG_Ihyb_220801_1.txt,2022-08-01T10:57:23Z,2022-08-01T11:13:12Z,2022-08-01T10:57:23Z,Desorbed NA,,,,9,,,,,,,,,NA,Ihyb_799B_N_220727_812022_09.qgd,NA,NA,C:/GCMSsolution/Data/Project1/Campbell RMBL Data/Ipomopsis 2022/Ihyb_799B_N_220727_812022_09.qgd,326453c8-9aee-4914-99f4-6a0285dfa42b,1,Ihyb_799B_N_220727_812022_09.qgd
5375,2022-07-31T23:48:13Z,PG_Ihyb_220801_1.txt,2022-08-01T11:28:27Z,2022-08-01T11:43:41Z,2022-08-01T11:28:27Z,Leak-test failure High Pressure Leak Failure,,,,10,,,,,,,,,leak-blank,Ihyb_721B_N_220727_812022_10.qgd,NA,NA,C:/GCMSsolution/Data/Project1/Campbell RMBL Data/Ipomopsis 2022/Ihyb_721B_N_220727_812022_10.qgd,326453c8-9aee-4914-99f4-6a0285dfa42b,1,Ihyb_721B_N_220727_812022_10.qgd
5376,2022-07-31T23:48:13Z,PG_Ihyb_220801_1.txt,2022-08-01T11:59:31Z,2022-08-01T12:13:43Z,2022-08-01T11:59:31Z,Desorbed NA,,,,11,,,,,,,,,NA,Ihyb_718B_N_220727_812022_11.qgd,NA,NA,C:/GCMSsolution/Data/Project1/Campbell RMBL Data/Ipomopsis 2022/Ihyb_718B_N_220727_812022_11.qgd,326453c8-9aee-4914-99f4-6a0285dfa42b,1,Ihyb_718B_N_220727_812022_11.qgd
5377,2022-07-31T23:48:13Z,PG_Ihyb_220801_1.txt,2022-08-01T12:29:59Z,2022-08-01T12:45:37Z,2022-08-01T12:29:59Z,Desorbed NA,,,,12,,,,,,,,,NA,Ihyb_726B_N_220727_812022_12.qgd,NA,NA,C:/GCMSsolution/Data/Project1/Campbell RMBL Data/Ipomopsis 2022/Ihyb_726B_N_220727_812022_12.qgd,326453c8-9aee-4914-99f4-6a0285dfa42b,1,Ihyb_726B_N_220727_812022_12.qgd
5379,2022-07-31T23:48:13Z,PG_Ihyb_220801_1.txt,2022-08-01T13:00:28Z,2022-08-01T13:16:10Z,2022-08-01T13:00:28Z,Desorbed NA,,,,13,,,,,,,,,skip-rename,Ihyb_713B_N_220727_812022_13.qgd,Ihyb_709B_N_220727_812022_14.qgd,NA,C:/GCMSsolution/Data/Project1/Campbell RMBL Data/Ipomopsis 2022/Ihyb_713B_N_220727_812022_13.qgd,326453c8-9aee-4914-99f4-6a0285dfa42b,1,Ihyb_709B_N_220727_812022_14.qgd
5380,2022-07-31T23:48:13Z,PG_Ihyb_220801_1.txt,2022-08-01T13:30:54Z,2022-08-01T13:46:43Z,2022-08-01T13:30:54Z,Desorbed NA,,,,14,,,,,,,,,skip-rename,Ihyb_709B_N_220727_812022_14.qgd,Ihyb_703B_N_220727_812022_15.qgd,NA,C:/GCMSsolution/Data/Project1/Campbell RMBL Data/Ipomopsis 2022/Ihyb_709B_N_220727_812022_14.qgd,326453c8-9aee-4914-99f4-6a0285dfa42b,1,Ihyb_703B_N_220727_812022_15.qgd
7685,2022-07-31T23:48:13Z,PG_Ihyb_220801_1.txt,2022-08-01T14:34:15Z,2022-08-01T14:17:13Z,2022-08-01T14:17:13Z,NA NA,,,,15,,,,,,,,,mismatch-leak,Ihyb_703B_N_220727_812022_15.qgd,Ihyb_726A_D_220727_812022_16.qgd,NA,C:/GCMSsolution/Data/Project1/Campbell RMBL Data/Ipomopsis 2022/Ihyb_703B_N_220727_812022_15.qgd,NA,1105,Ihyb_726A_D_220727_812022_16.qgd
5382,2022-08-01T08:32:39Z,PG_Ihyb_220801b_1.txt,2022-08-01T15:37:37Z,2022-08-01T15:46:44Z,2022-08-01T15:37:37Z,Desorbed NA,,,,1,,,,,,,,,NA,Ihyb_715unreadable_D_220728_812022_01.qgd,NA,NA,C:/GCMSsolution/Data/Project1/Campbell RMBL Data/Ipomopsis 2022/Ihyb_715unreadable_D_220728_812022_01.qgd,5b1c6d61-67ee-4419-ad7b-5ae91ea1a6a7,1,Ihyb_715unreadable_D_220728_812022_01.qgd
5383,2022-08-01T08:32:39Z,PG_Ihyb_220801b_1.txt,2022-08-01T16:08:02Z,2022-08-01T16:23:49Z,2022-08-01T16:08:02Z,Desorbed NA,,,,2,,,,,,,,,NA,Ihyb_718_D_220728_812022_02.qgd,NA,NA,C:/GCMSsolution/Data/Project1/Campbell RMBL Data/Ipomopsis 2022/Ihyb_718_D_220728_812022_02.qgd,5b1c6d61-67ee-4419-ad7b-5ae91ea1a6a7,1,Ihyb_718_D_220728_812022_02.qgd
5384,2022-08-01T08:32:39Z,PG_Ihyb_220801b_1.txt,2022-08-01T16:38:41Z,2022-08-01T16:54:27Z,2022-08-01T16:38:41Z,Desorbed NA,,,,3,,,,,,,,,NA,Ihyb_721_D_220728_812022_03.qgd,NA,NA,C:/GCMSsolution/Data/Project1/Campbell RMBL Data/Ipomopsis 2022/Ihyb_721_D_220728_812022_03.qgd,5b1c6d61-67ee-4419-ad7b-5ae91ea1a6a7,1,Ihyb_721_D_220728_812022_03.qgd
5385,2022-08-01T08:32:39Z,PG_Ihyb_220801b_1.txt,2022-08-01T17:09:25Z,2022-08-01T17:25:09Z,2022-08-01T17:09:25Z,Desorbed NA,,,,4,,,,,,,,,NA,Ihyb_797_D_220728_812022_04.qgd,NA,NA,C:/GCMSsolution/Data/Project1/Campbell RMBL Data/Ipomopsis 2022/Ihyb_797_D_220728_812022_04.qgd,5b1c6d61-67ee-4419-ad7b-5ae91ea1a6a7,1,Ihyb_797_D_220728_812022_04.qgd
5386,2022-08-01T08:32:39Z,PG_Ihyb_220801b_1.txt,2022-08-01T17:40:13Z,2022-08-01T17:55:47Z,2022-08-01T17:40:13Z,Desorbed NA,,,,5,,,,,,,,,NA,Ihyb_719_D_220728_812022_05.qgd,NA,NA,C:/GCMSsolution/Data/Project1/Campbell RMBL Data/Ipomopsis 2022/Ihyb_719_D_220728_812022_05.qgd,5b1c6d61-67ee-4419-ad7b-5ae91ea1a6a7,1,Ihyb_719_D_220728_812022_05.qgd
5387,2022-08-01T08:32:39Z,PG_Ihyb_220801b_1.txt,2022-08-01T18:11:05Z,2022-08-01T18:26:49Z,2022-08-01T18:11:05Z,Desorbed NA,,,,6,,,,,,,,,NA,Ihyb_706_D_220728_812022_06.qgd,NA,NA,C:/GCMSsolution/Data/Project1/Campbell RMBL Data/Ipomopsis 2022/Ihyb_706_D_220728_812022_06.qgd,5b1c6d61-67ee-4419-ad7b-5ae91ea1a6a7,1,Ihyb_706_D_220728_812022_06.qgd
5388,2022-08-01T08:32:39Z,PG_Ihyb_220801b_1.txt,2022-08-01T18:42:15Z,2022-08-01T18:58:00Z,2022-08-01T18:42:15Z,Desorbed NA,,,,7,,,,,,,,,NA,Ihyb_798_D_220728_812022_07.qgd,NA,NA,C:/GCMSsolution/Data/Project1/Campbell RMBL Data/Ipomopsis 2022/Ihyb_798_D_220728_812022_07.qgd,5b1c6d61-67ee-4419-ad7b-5ae91ea1a6a7,1,Ihyb_798_D_220728_812022_07.qgd
5389,2022-08-01T08:32:39Z,PG_Ihyb_220801b_1.txt,2022-08-01T19:13:46Z,2022-08-01T19:29:32Z,2022-08-01T19:13:46Z,Desorbed NA,,,,8,,,,,,,,,NA,Ihyb_721_N_220727_812022_08.qgd,NA,NA,C:/GCMSsolution/Data/Project1/Campbell RMBL Data/Ipomopsis 2022/Ihyb_721_N_220727_812022_08.qgd,5b1c6d61-67ee-4419-ad7b-5ae91ea1a6a7,1,Ihyb_721_N_220727_812022_08.qgd
5390,2022-08-01T08:32:39Z,PG_Ihyb_220801b_1.txt,2022-08-01T19:45:34Z,2022-08-01T20:01:21Z,2022-08-01T19:45:34Z,Desorbed NA,,,,9,,,,,,,,,NA,Ihyb_314_N_220727_812022_09.qgd,NA,NA,C:/GCMSsolution/Data/Project1/Campbell RMBL Data/Ipomopsis 2022/Ihyb_314_N_220727_812022_09.qgd,5b1c6d61-67ee-4419-ad7b-5ae91ea1a6a7,1,Ihyb_314_N_220727_812022_09.qgd
7686,2022-08-01T13:27:14Z,PG_Ihyb_220801b_1.txt,2022-08-01T20:31:42Z,2022-08-01T20:33:10Z,2022-08-01T20:33:10Z,NA NA,,,,10,,,,,,,,,mismatch,Ihyb_721Bredo_N_220727_812022_10.qgd,NA,NA,C:/GCMSsolution/Data/Project1/Campbell RMBL Data/Ipomopsis 2022/Ihyb_721Bredo_N_220727_812022_10.qgd,NA,1105,Ihyb_721Bredo_N_220727_812022_10.qgd
5393,2022-08-01T13:27:14Z,PG_Ihyb_220801b_1.txt,2022-08-01T21:03:06Z,2022-08-01T21:17:54Z,2022-08-01T21:03:06Z,Desorbed NA,,,,2,,,,,,,,,NA,Ihyb_715_N_220727_812022_11.qgd,NA,NA,C:/GCMSsolution/Data/Project1/Campbell RMBL Data/Ipomopsis 2022/Ihyb_715_N_220727_812022_11.qgd,54ce1a28-5f42-4406-a656-9be3b5d3d351,1,Ihyb_715_N_220727_812022_11.qgd
5394,2022-08-01T13:27:14Z,PG_Ihyb_220801b_1.txt,2022-08-01T21:34:29Z,2022-08-01T21:50:15Z,2022-08-01T21:34:29Z,Desorbed NA,,,,3,,,,,,,,,NA,Ihyb_726_N_220727_812022_12.qgd,NA,NA,C:/GCMSsolution/Data/Project1/Campbell RMBL Data/Ipomopsis 2022/Ihyb_726_N_220727_812022_12.qgd,54ce1a28-5f42-4406-a656-9be3b5d3d351,1,Ihyb_726_N_220727_812022_12.qgd
5395,2022-08-01T13:27:14Z,PG_Ihyb_220801b_1.txt,2022-08-01T22:07:09Z,2022-08-01T22:22:57Z,2022-08-01T22:07:09Z,Desorbed NA,,,,4,,,,,,,,,NA,Ihyb_713_N_220727_812022_13.qgd,NA,NA,C:/GCMSsolution/Data/Project1/Campbell RMBL Data/Ipomopsis 2022/Ihyb_713_N_220727_812022_13.qgd,54ce1a28-5f42-4406-a656-9be3b5d3d351,1,Ihyb_713_N_220727_812022_13.qgd
5396,2022-08-01T13:27:14Z,PG_Ihyb_220801b_1.txt,2022-08-01T22:39:46Z,2022-08-01T22:55:33Z,2022-08-01T22:39:46Z,Desorbed NA,,,,5,,,,,,,,,NA,Ihyb_712_N_220727_812022_14.qgd,NA,NA,C:/GCMSsolution/Data/Project1/Campbell RMBL Data/Ipomopsis 2022/Ihyb_712_N_220727_812022_14.qgd,54ce1a28-5f42-4406-a656-9be3b5d3d351,1,Ihyb_712_N_220727_812022_14.qgd
5397,2022-08-01T13:27:14Z,PG_Ihyb_220801b_1.txt,2022-08-01T23:12:05Z,2022-08-01T23:27:52Z,2022-08-01T23:12:05Z,Desorbed NA,,,,6,,,,,,,,,NA,Ihyb_AIRDH_N_220727_812022_15.qgd,NA,NA,C:/GCMSsolution/Data/Project1/Campbell RMBL Data/Ipomopsis 2022/Ihyb_AIRDH_N_220727_812022_15.qgd,54ce1a28-5f42-4406-a656-9be3b5d3d351,1,Ihyb_AIRDH_N_220727_812022_15.qgd
5398,2022-08-01T13:27:14Z,PG_Ihyb_220801b_1.txt,2022-08-01T23:43:56Z,2022-08-01T23:59:43Z,2022-08-01T23:43:56Z,Desorbed NA,,,,7,,,,,,,,,NA,Ihyb_726Aredo_D_220727_812022_16.qgd,NA,NA,C:/GCMSsolution/Data/Project1/Campbell RMBL Data/Ipomopsis 2022/Ihyb_726Aredo_D_220727_812022_16.qgd,54ce1a28-5f42-4406-a656-9be3b5d3d351,1,Ihyb_726Aredo_D_220727_812022_16.qgd
5399,2022-08-01T18:17:36Z,PG_Ihyb_220801c_1.txt,2022-08-02T01:22:30Z,2022-08-02T01:32:46Z,2022-08-02T01:22:30Z,Desorbed NA,,,,1,,,,,,,,,NA,Ihyb_715B_N_220727_812022_01.qgd,NA,NA,C:/GCMSsolution/Data/Project1/Campbell RMBL Data/Ipomopsis 2022/Ihyb_715B_N_220727_812022_01.qgd,d7d74c26-2b38-4609-84de-a71fbc3fa1c0,1,Ihyb_715B_N_220727_812022_01.qgd
5400,2022-08-01T18:17:36Z,PG_Ihyb_220801c_1.txt,2022-08-02T01:52:55Z,2022-08-02T02:08:43Z,2022-08-02T01:52:55Z,Desorbed NA,,,,2,,,,,,,,,NA,Ihyb_712BBrokenTrap_N_220727_812022_02.qgd,NA,NA,C:/GCMSsolution/Data/Project1/Campbell RMBL Data/Ipomopsis 2022/Ihyb_712BBrokenTrap_N_220727_812022_02.qgd,d7d74c26-2b38-4609-84de-a71fbc3fa1c0,1,Ihyb_712BBrokenTrap_N_220727_812022_02.qgd
5401,2022-08-01T18:17:36Z,PG_Ihyb_220801c_1.txt,2022-08-02T02:24:01Z,2022-08-02T02:39:44Z,2022-08-02T02:24:01Z,Desorbed NA,,,,3,,,,,,,,,NA,Ihyb_718_N_220727_812022_03.qgd,NA,NA,C:/GCMSsolution/Data/Project1/Campbell RMBL Data/Ipomopsis 2022/Ihyb_718_N_220727_812022_03.qgd,d7d74c26-2b38-4609-84de-a71fbc3fa1c0,1,Ihyb_718_N_220727_812022_03.qgd
5402,2022-08-01T18:17:36Z,PG_Ihyb_220801c_1.txt,2022-08-02T02:54:53Z,2022-08-02T03:10:25Z,2022-08-02T02:54:53Z,Desorbed NA,,,,4,,,,,,,,,NA,Ihyb_712A_D_220728_812022_04.qgd,NA,NA,C:/GCMSsolution/Data/Project1/Campbell RMBL Data/Ipomopsis 2022/Ihyb_712A_D_220728_812022_04.qgd,d7d74c26-2b38-4609-84de-a71fbc3fa1c0,1,Ihyb_712A_D_220728_812022_04.qgd
5403,2022-08-01T18:17:36Z,PG_Ihyb_220801c_1.txt,2022-08-02T03:25:35Z,2022-08-02T03:41:23Z,2022-08-02T03:25:35Z,Desorbed NA,,,,5,,,,,,,,,NA,Ihyb_713_D_220728_812022_05.qgd,NA,NA,C:/GCMSsolution/Data/Project1/Campbell RMBL Data/Ipomopsis 2022/Ihyb_713_D_220728_812022_05.qgd,d7d74c26-2b38-4609-84de-a71fbc3fa1c0,1,Ihyb_713_D_220728_812022_05.qgd
5404,2022-08-01T18:17:36Z,PG_Ihyb_220801c_1.txt,2022-08-02T03:56:28Z,2022-08-02T04:12:17Z,2022-08-02T03:56:28Z,Desorbed NA,,,,6,,,,,,,,,NA,Ihyb_731B_N_220727_812022_06.qgd,NA,NA,C:/GCMSsolution/Data/Project1/Campbell RMBL Data/Ipomopsis 2022/Ihyb_731B_N_220727_812022_06.qgd,d7d74c26-2b38-4609-84de-a71fbc3fa1c0,1,Ihyb_731B_N_220727_812022_06.qgd
5405,2022-08-01T18:17:36Z,PG_Ihyb_220801c_1.txt,2022-08-02T04:27:23Z,2022-08-02T04:43:11Z,2022-08-02T04:27:23Z,Desorbed NA,,,,7,,,,,,,,,NA,Ihyb_509C_N_220727_812022_07.qgd,NA,NA,C:/GCMSsolution/Data/Project1/Campbell RMBL Data/Ipomopsis 2022/Ihyb_509C_N_220727_812022_07.qgd,d7d74c26-2b38-4609-84de-a71fbc3fa1c0,1,Ihyb_509C_N_220727_812022_07.qgd
5406,2022-08-01T18:17:36Z,PG_Ihyb_220801c_1.txt,2022-08-02T04:58:14Z,2022-08-02T05:14:00Z,2022-08-02T04:58:14Z,Desorbed NA,,,,8,,,,,,,,,NA,Ihyb_509B_N_220727_812022_08.qgd,NA,NA,C:/GCMSsolution/Data/Project1/Campbell RMBL Data/Ipomopsis 2022/Ihyb_509B_N_220727_812022_08.qgd,d7d74c26-2b38-4609-84de-a71fbc3fa1c0,1,Ihyb_509B_N_220727_812022_08.qgd
5407,2022-08-01T18:17:36Z,PG_Ihyb_220801c_1.txt,2022-08-02T05:29:03Z,2022-08-02T05:44:53Z,2022-08-02T05:29:03Z,Desorbed NA,,,,9,,,,,,,,,NA,Ihyb_101B_N_220727_812022_09.qgd,NA,NA,C:/GCMSsolution/Data/Project1/Campbell RMBL Data/Ipomopsis 2022/Ihyb_101B_N_220727_812022_09.qgd,d7d74c26-2b38-4609-84de-a71fbc3fa1c0,1,Ihyb_101B_N_220727_812022_09.qgd
5408,2022-08-01T18:17:36Z,PG_Ihyb_220801c_1.txt,2022-08-02T05:59:56Z,2022-08-02T06:15:44Z,2022-08-02T05:59:56Z,Desorbed NA,,,,10,,,,,,,,,NA,Ihyb_729B_N_220727_812022_10.qgd,NA,NA,C:/GCMSsolution/Data/Project1/Campbell RMBL Data/Ipomopsis 2022/Ihyb_729B_N_220727_812022_10.qgd,d7d74c26-2b38-4609-84de-a71fbc3fa1c0,1,Ihyb_729B_N_220727_812022_10.qgd
5409,2022-08-01T18:17:36Z,PG_Ihyb_220801c_1.txt,2022-08-02T06:31:35Z,2022-08-02T06:46:29Z,2022-08-02T06:31:35Z,Desorbed NA,,,,11,,,,,,,,,NA,Ihyb_512B_N_220727_812022_11.qgd,NA,NA,C:/GCMSsolution/Data/Project1/Campbell RMBL Data/Ipomopsis 2022/Ihyb_512B_N_220727_812022_11.qgd,d7d74c26-2b38-4609-84de-a71fbc3fa1c0,1,Ihyb_512B_N_220727_812022_11.qgd
5410,2022-08-01T18:17:36Z,PG_Ihyb_220801c_1.txt,2022-08-02T07:02:01Z,2022-08-02T07:17:49Z,2022-08-02T07:02:01Z,Desorbed NA,,,,12,,,,,,,,,NA,Ihyb_AIRDH_N_220727_812022_12.qgd,NA,NA,C:/GCMSsolution/Data/Project1/Campbell RMBL Data/Ipomopsis 2022/Ihyb_AIRDH_N_220727_812022_12.qgd,d7d74c26-2b38-4609-84de-a71fbc3fa1c0,1,Ihyb_AIRDH_N_220727_812022_12.qgd
5411,2022-08-01T18:17:36Z,PG_Ihyb_220801c_1.txt,2022-08-02T07:32:47Z,2022-08-02T07:48:26Z,2022-08-02T07:32:47Z,Leak-test failure High Pressure Leak Failure,,,,13,,,,,,,,,leak-blank,Ihyb_707B_N_220727_812022_13.qgd,NA,NA,C:/GCMSsolution/Data/Project1/Campbell RMBL Data/Ipomopsis 2022/Ihyb_707B_N_220727_812022_13.qgd,d7d74c26-2b38-4609-84de-a71fbc3fa1c0,1,Ihyb_707B_N_220727_812022_13.qgd
5412,2022-08-01T18:17:36Z,PG_Ihyb_220801c_1.txt,2022-08-02T08:03:33Z,2022-08-02T08:18:38Z,2022-08-02T08:03:33Z,Desorbed NA,,,,14,,,,,,,,,NA,Ihyb_797B_N_220727_812022_14.qgd,NA,NA,C:/GCMSsolution/Data/Project1/Campbell RMBL Data/Ipomopsis 2022/Ihyb_797B_N_220727_812022_14.qgd,d7d74c26-2b38-4609-84de-a71fbc3fa1c0,1,Ihyb_797B_N_220727_812022_14.qgd
5413,2022-08-01T18:17:36Z,PG_Ihyb_220801c_1.txt,2022-08-02T08:34:04Z,2022-08-02T08:49:46Z,2022-08-02T08:34:04Z,Desorbed NA,,,,15,,,,,,,,,NA,Ihyb_798B_N_220727_812022_15.qgd,NA,NA,C:/GCMSsolution/Data/Project1/Campbell RMBL Data/Ipomopsis 2022/Ihyb_798B_N_220727_812022_15.qgd,d7d74c26-2b38-4609-84de-a71fbc3fa1c0,1,Ihyb_798B_N_220727_812022_15.qgd
5414,2022-08-01T18:17:36Z,PG_Ihyb_220801c_1.txt,2022-08-02T09:04:30Z,2022-08-02T09:20:07Z,2022-08-02T09:04:30Z,Desorbed NA,,,,16,,,,,,,,,NA,Ihyb_706B_N_220727_812022_16.qgd,NA,NA,C:/GCMSsolution/Data/Project1/Campbell RMBL Data/Ipomopsis 2022/Ihyb_706B_N_220727_812022_16.qgd,d7d74c26-2b38-4609-84de-a71fbc3fa1c0,1,Ihyb_706B_N_220727_812022_16.qgd
5415,2022-08-01T18:17:36Z,PG_Ihyb_220801c_1.txt,2022-08-02T09:35:01Z,2022-08-02T09:50:49Z,2022-08-02T09:35:01Z,Desorbed NA,,,,17,,,,,,,,,NA,Ihyb_719B_N_220727_812022_17.qgd,NA,NA,C:/GCMSsolution/Data/Project1/Campbell RMBL Data/Ipomopsis 2022/Ihyb_719B_N_220727_812022_17.qgd,d7d74c26-2b38-4609-84de-a71fbc3fa1c0,1,Ihyb_719B_N_220727_812022_17.qgd
5416,2022-08-01T18:17:36Z,PG_Ihyb_220801c_1.txt,2022-08-02T10:05:30Z,2022-08-02T10:21:14Z,2022-08-02T10:05:30Z,Desorbed NA,,,,18,,,,,,,,,NA,Ihyb_AIRJP_N_220727_812022_18.qgd,NA,NA,C:/GCMSsolution/Data/Project1/Campbell RMBL Data/Ipomopsis 2022/Ihyb_AIRJP_N_220727_812022_18.qgd,d7d74c26-2b38-4609-84de-a71fbc3fa1c0,1,Ihyb_AIRJP_N_220727_812022_18.qgd
5417,2022-08-01T18:17:36Z,PG_Ihyb_220801c_1.txt,2022-08-02T10:35:56Z,2022-08-02T10:51:43Z,2022-08-02T10:35:56Z,Desorbed NA,,,,19,,,,,,,,,NA,Ihyb_707_D_220728_812022_19.qgd,NA,NA,C:/GCMSsolution/Data/Project1/Campbell RMBL Data/Ipomopsis 2022/Ihyb_707_D_220728_812022_19.qgd,d7d74c26-2b38-4609-84de-a71fbc3fa1c0,1,Ihyb_707_D_220728_812022_19.qgd
5418,2022-08-01T18:17:36Z,PG_Ihyb_220801c_1.txt,2022-08-02T11:06:23Z,2022-08-02T11:22:11Z,2022-08-02T11:06:23Z,Desorbed NA,,,,20,,,,,,,,,NA,Ihyb_731_D_220727_812022_20.qgd,NA,NA,C:/GCMSsolution/Data/Project1/Campbell RMBL Data/Ipomopsis 2022/Ihyb_731_D_220727_812022_20.qgd,d7d74c26-2b38-4609-84de-a71fbc3fa1c0,1,Ihyb_731_D_220727_812022_20.qgd
5419,2022-08-02T07:02:55Z,PG_Ihyb_220802_1.txt,2022-08-02T14:07:55Z,2022-08-02T14:17:58Z,2022-08-02T14:07:55Z,Desorbed NA,,,,1,,,,,,,,,NA,Ihyb_T1_N_220727_822022_01.qgd,NA,NA,C:/GCMSsolution/Data/Project1/Campbell RMBL Data/Ipomopsis 2022/Ihyb_T1_N_220727_822022_01.qgd,260e7f22-28c0-433e-9b4f-5f1dbc526694,1,Ihyb_T1_N_220727_822022_01.qgd
5420,2022-08-02T07:02:55Z,PG_Ihyb_220802_1.txt,2022-08-02T14:38:20Z,2022-08-02T14:54:08Z,2022-08-02T14:38:20Z,Desorbed NA,,,,2,,,,,,,,,NA,Ihyb_T2_N_220727_822022_02.qgd,NA,NA,C:/GCMSsolution/Data/Project1/Campbell RMBL Data/Ipomopsis 2022/Ihyb_T2_N_220727_822022_02.qgd,260e7f22-28c0-433e-9b4f-5f1dbc526694,1,Ihyb_T2_N_220727_822022_02.qgd
5421,2022-08-02T07:02:55Z,PG_Ihyb_220802_1.txt,2022-08-02T15:08:48Z,2022-08-02T15:24:26Z,2022-08-02T15:08:48Z,Desorbed NA,,,,3,,,,,,,,,NA,Ihyb_T3_N_220727_822022_03.qgd,NA,NA,C:/GCMSsolution/Data/Project1/Campbell RMBL Data/Ipomopsis 2022/Ihyb_T3_N_220727_822022_03.qgd,260e7f22-28c0-433e-9b4f-5f1dbc526694,1,Ihyb_T3_N_220727_822022_03.qgd
5422,2022-08-02T07:02:55Z,PG_Ihyb_220802_1.txt,2022-08-02T15:39:14Z,2022-08-02T15:55:03Z,2022-08-02T15:39:14Z,Desorbed NA,,,,4,,,,,,,,,NA,Ihyb_T4_N_220727_822022_04.qgd,NA,NA,C:/GCMSsolution/Data/Project1/Campbell RMBL Data/Ipomopsis 2022/Ihyb_T4_N_220727_822022_04.qgd,260e7f22-28c0-433e-9b4f-5f1dbc526694,1,Ihyb_T4_N_220727_822022_04.qgd
5423,2022-08-02T07:02:55Z,PG_Ihyb_220802_1.txt,2022-08-02T16:09:42Z,2022-08-02T16:25:31Z,2022-08-02T16:09:42Z,Desorbed NA,,,,5,,,,,,,,,NA,Ihyb_T5_N_220727_822022_05.qgd,NA,NA,C:/GCMSsolution/Data/Project1/Campbell RMBL Data/Ipomopsis 2022/Ihyb_T5_N_220727_822022_05.qgd,260e7f22-28c0-433e-9b4f-5f1dbc526694,1,Ihyb_T5_N_220727_822022_05.qgd
5424,2022-08-02T07:02:55Z,PG_Ihyb_220802_1.txt,2022-08-02T16:40:22Z,2022-08-02T16:56:09Z,2022-08-02T16:40:22Z,Desorbed NA,,,,6,,,,,,,,,NA,Ihyb_T6_N_220727_822022_06.qgd,NA,NA,C:/GCMSsolution/Data/Project1/Campbell RMBL Data/Ipomopsis 2022/Ihyb_T6_N_220727_822022_06.qgd,260e7f22-28c0-433e-9b4f-5f1dbc526694,1,Ihyb_T6_N_220727_822022_06.qgd
5425,2022-08-02T07:02:55Z,PG_Ihyb_220802_1.txt,2022-08-02T17:11:07Z,2022-08-02T17:26:42Z,2022-08-02T17:11:07Z,Desorbed NA,,,,7,,,,,,,,,NA,Ihyb_T7_N_220727_822022_07.qgd,NA,NA,C:/GCMSsolution/Data/Project1/Campbell RMBL Data/Ipomopsis 2022/Ihyb_T7_N_220727_822022_07.qgd,260e7f22-28c0-433e-9b4f-5f1dbc526694,1,Ihyb_T7_N_220727_822022_07.qgd
5426,2022-08-02T07:02:55Z,PG_Ihyb_220802_1.txt,2022-08-02T17:41:47Z,2022-08-02T17:57:35Z,2022-08-02T17:41:47Z,Desorbed NA,,,,8,,,,,,,,,NA,Ihyb_T8_D_220712_822022_08.qgd,NA,NA,C:/GCMSsolution/Data/Project1/Campbell RMBL Data/Ipomopsis 2022/Ihyb_T8_D_220712_822022_08.qgd,260e7f22-28c0-433e-9b4f-5f1dbc526694,1,Ihyb_T8_D_220712_822022_08.qgd
5427,2022-08-02T07:02:55Z,PG_Ihyb_220802_1.txt,2022-08-02T18:12:45Z,2022-08-02T18:28:33Z,2022-08-02T18:12:45Z,Desorbed NA,,,,9,,,,,,,,,NA,Ihyb_T9_D_220712_822022_09.qgd,NA,NA,C:/GCMSsolution/Data/Project1/Campbell RMBL Data/Ipomopsis 2022/Ihyb_T9_D_220712_822022_09.qgd,260e7f22-28c0-433e-9b4f-5f1dbc526694,1,Ihyb_T9_D_220712_822022_09.qgd
5429,2022-08-02T07:02:55Z,PG_Ihyb_220802_1.txt,2022-08-02T19:16:22Z,2022-08-02T19:31:14Z,2022-08-02T19:16:22Z,Desorbed NA,,,,11,,,,,,,,,NA,Ihyb_T11_D_220712_822022_11.qgd,NA,NA,C:/GCMSsolution/Data/Project1/Campbell RMBL Data/Ipomopsis 2022/Ihyb_T11_D_220712_822022_11.qgd,260e7f22-28c0-433e-9b4f-5f1dbc526694,1,Ihyb_T11_D_220712_822022_11.qgd
5430,2022-08-02T07:02:55Z,PG_Ihyb_220802_1.txt,2022-08-02T19:46:49Z,2022-08-02T20:02:33Z,2022-08-02T19:46:49Z,Desorbed NA,,,,12,,,,,,,,,NA,Ihyb_T12_D_220712_822022_12.qgd,NA,NA,C:/GCMSsolution/Data/Project1/Campbell RMBL Data/Ipomopsis 2022/Ihyb_T12_D_220712_822022_12.qgd,260e7f22-28c0-433e-9b4f-5f1dbc526694,1,Ihyb_T12_D_220712_822022_12.qgd
5431,2022-08-02T07:02:55Z,PG_Ihyb_220802_1.txt,2022-08-02T20:17:49Z,2022-08-02T20:33:37Z,2022-08-02T20:17:49Z,Desorbed NA,,,,13,,,,,,,,,NA,Ihyb_707B_N_220727_822022_13.qgd,NA,NA,C:/GCMSsolution/Data/Project1/Campbell RMBL Data/Ipomopsis 2022/Ihyb_707B_N_220727_822022_13.qgd,260e7f22-28c0-433e-9b4f-5f1dbc526694,1,Ihyb_707B_N_220727_822022_13.qgd
5432,2022-08-02T07:02:55Z,PG_Ihyb_220802_1.txt,2022-08-02T20:49:05Z,2022-08-02T21:04:55Z,2022-08-02T20:49:05Z,Desorbed NA,,,,14,,,,,,,,,NA,Ihyb_T14_D_220712_822022_14.qgd,NA,NA,C:/GCMSsolution/Data/Project1/Campbell RMBL Data/Ipomopsis 2022/Ihyb_T14_D_220712_822022_14.qgd,260e7f22-28c0-433e-9b4f-5f1dbc526694,1,Ihyb_T14_D_220712_822022_14.qgd
5433,2022-08-02T07:02:55Z,PG_Ihyb_220802_1.txt,2022-08-02T21:20:27Z,2022-08-02T21:36:12Z,2022-08-02T21:20:27Z,Desorbed NA,,,,15,,,,,,,,,NA,Ihyb_T15_D_220712_822022_15.qgd,NA,NA,C:/GCMSsolution/Data/Project1/Campbell RMBL Data/Ipomopsis 2022/Ihyb_T15_D_220712_822022_15.qgd,260e7f22-28c0-433e-9b4f-5f1dbc526694,1,Ihyb_T15_D_220712_822022_15.qgd
5434,2022-08-02T07:02:55Z,PG_Ihyb_220802_1.txt,2022-08-02T21:52:02Z,2022-08-02T22:07:48Z,2022-08-02T21:52:02Z,Desorbed NA,,,,16,,,,,,,,,NA,Ihyb_T16_D_220712_822022_16.qgd,NA,NA,C:/GCMSsolution/Data/Project1/Campbell RMBL Data/Ipomopsis 2022/Ihyb_T16_D_220712_822022_16.qgd,260e7f22-28c0-433e-9b4f-5f1dbc526694,1,Ihyb_T16_D_220712_822022_16.qgd
5435,2022-08-02T07:02:55Z,PG_Ihyb_220802_1.txt,2022-08-02T22:23:33Z,2022-08-02T22:39:21Z,2022-08-02T22:23:33Z,Desorbed NA,,,,17,,,,,,,,,NA,Ihyb_T17_D_220712_822022_17.qgd,NA,NA,C:/GCMSsolution/Data/Project1/Campbell RMBL Data/Ipomopsis 2022/Ihyb_T17_D_220712_822022_17.qgd,260e7f22-28c0-433e-9b4f-5f1dbc526694,1,Ihyb_T17_D_220712_822022_17.qgd
5436,2022-08-02T07:02:55Z,PG_Ihyb_220802_1.txt,2022-08-02T22:55:17Z,2022-08-02T23:11:05Z,2022-08-02T22:55:17Z,Desorbed NA,,,,18,,,,,,,,,NA,Ihyb_T18_D_220712_822022_18.qgd,NA,NA,C:/GCMSsolution/Data/Project1/Campbell RMBL Data/Ipomopsis 2022/Ihyb_T18_D_220712_822022_18.qgd,260e7f22-28c0-433e-9b4f-5f1dbc526694,1,Ihyb_T18_D_220712_822022_18.qgd
5437,2022-08-02T07:02:55Z,PG_Ihyb_220802_1.txt,2022-08-02T23:27:12Z,2022-08-02T23:43:04Z,2022-08-02T23:27:12Z,Desorbed NA,,,,19,,,,,,,,,NA,Ihyb_T19_D_220712_822022_19.qgd,NA,NA,C:/GCMSsolution/Data/Project1/Campbell RMBL Data/Ipomopsis 2022/Ihyb_T19_D_220712_822022_19.qgd,260e7f22-28c0-433e-9b4f-5f1dbc526694,1,Ihyb_T19_D_220712_822022_19.qgd
5438,2022-08-02T07:02:55Z,PG_Ihyb_220802_1.txt,2022-08-02T23:59:09Z,2022-08-03T00:14:57Z,2022-08-02T23:59:09Z,Desorbed NA,,,,20,,,,,,,,,NA,Ihyb_T20_D_220712_822022_20.qgd,NA,NA,C:/GCMSsolution/Data/Project1/Campbell RMBL Data/Ipomopsis 2022/Ihyb_T20_D_220712_822022_20.qgd,260e7f22-28c0-433e-9b4f-5f1dbc526694,1,Ihyb_T20_D_220712_822022_20.qgd
5439,2022-08-02T18:07:18Z,PG_Ihyb_220802b_1.txt,2022-08-03T01:12:08Z,2022-08-03T01:22:09Z,2022-08-03T01:12:08Z,Desorbed NA,,,,1,,,,,,,,,NA,Ihyb_701A_N_220711_822022_01.qgd,NA,NA,C:/GCMSsolution/Data/Project1/Campbell RMBL Data/Ipomopsis 2022/Ihyb_701A_N_220711_822022_01.qgd,17bc496f-7580-403d-bf8a-7249cb2a3a19,1,Ihyb_701A_N_220711_822022_01.qgd
5440,2022-08-02T18:07:18Z,PG_Ihyb_220802b_1.txt,2022-08-03T01:42:34Z,2022-08-03T01:58:24Z,2022-08-03T01:42:34Z,Desorbed NA,,,,2,,,,,,,,,NA,Ihyb_AIRDHB_D_220712_822022_02.qgd,NA,NA,C:/GCMSsolution/Data/Project1/Campbell RMBL Data/Ipomopsis 2022/Ihyb_AIRDHB_D_220712_822022_02.qgd,17bc496f-7580-403d-bf8a-7249cb2a3a19,1,Ihyb_AIRDHB_D_220712_822022_02.qgd
5441,2022-08-02T18:07:18Z,PG_Ihyb_220802b_1.txt,2022-08-03T02:14:21Z,2022-08-03T02:30:10Z,2022-08-03T02:14:21Z,Desorbed NA,,,,3,,,,,,,,,NA,Ihyb_713_D_220712_822022_03.qgd,NA,NA,C:/GCMSsolution/Data/Project1/Campbell RMBL Data/Ipomopsis 2022/Ihyb_713_D_220712_822022_03.qgd,17bc496f-7580-403d-bf8a-7249cb2a3a19,1,Ihyb_713_D_220712_822022_03.qgd
5442,2022-08-02T18:07:18Z,PG_Ihyb_220802b_1.txt,2022-08-03T02:46:02Z,2022-08-03T03:01:54Z,2022-08-03T02:46:02Z,Desorbed NA,,,,4,,,,,,,,,NA,Ihyb_731_D_220712_822022_04.qgd,NA,NA,C:/GCMSsolution/Data/Project1/Campbell RMBL Data/Ipomopsis 2022/Ihyb_731_D_220712_822022_04.qgd,17bc496f-7580-403d-bf8a-7249cb2a3a19,1,Ihyb_731_D_220712_822022_04.qgd
5443,2022-08-02T18:07:18Z,PG_Ihyb_220802b_1.txt,2022-08-03T03:17:36Z,2022-08-03T03:33:22Z,2022-08-03T03:17:36Z,Desorbed NA,,,,5,,,,,,,,,NA,Ihyb_707_D_220712_822022_05.qgd,NA,NA,C:/GCMSsolution/Data/Project1/Campbell RMBL Data/Ipomopsis 2022/Ihyb_707_D_220712_822022_05.qgd,17bc496f-7580-403d-bf8a-7249cb2a3a19,1,Ihyb_707_D_220712_822022_05.qgd
5444,2022-08-02T18:07:18Z,PG_Ihyb_220802b_1.txt,2022-08-03T03:49:00Z,2022-08-03T04:04:46Z,2022-08-03T03:49:00Z,Desorbed NA,,,,6,,,,,,,,,NA,Ihyb_706_D_220712_822022_06.qgd,NA,NA,C:/GCMSsolution/Data/Project1/Campbell RMBL Data/Ipomopsis 2022/Ihyb_706_D_220712_822022_06.qgd,17bc496f-7580-403d-bf8a-7249cb2a3a19,1,Ihyb_706_D_220712_822022_06.qgd
5445,2022-08-02T18:07:18Z,PG_Ihyb_220802b_1.txt,2022-08-03T04:20:19Z,2022-08-03T04:36:06Z,2022-08-03T04:20:19Z,Desorbed NA,,,,7,,,,,,,,,NA,Ihyb_719_D_220712_822022_07.qgd,NA,NA,C:/GCMSsolution/Data/Project1/Campbell RMBL Data/Ipomopsis 2022/Ihyb_719_D_220712_822022_07.qgd,17bc496f-7580-403d-bf8a-7249cb2a3a19,1,Ihyb_719_D_220712_822022_07.qgd
5446,2022-08-02T18:07:18Z,PG_Ihyb_220802b_1.txt,2022-08-03T04:51:25Z,2022-08-03T05:07:14Z,2022-08-03T04:51:25Z,Desorbed NA,,,,8,,,,,,,,,NA,Ihyb_798_D_220712_822022_08.qgd,NA,NA,C:/GCMSsolution/Data/Project1/Campbell RMBL Data/Ipomopsis 2022/Ihyb_798_D_220712_822022_08.qgd,17bc496f-7580-403d-bf8a-7249cb2a3a19,1,Ihyb_798_D_220712_822022_08.qgd
5448,2022-08-02T18:07:18Z,PG_Ihyb_220802b_1.txt,2022-08-03T05:53:21Z,2022-08-03T06:09:08Z,2022-08-03T05:53:21Z,Desorbed NA,,,,10,,,,,,,,,NA,Ihyb_797_D_220712_822022_10.qgd,NA,NA,C:/GCMSsolution/Data/Project1/Campbell RMBL Data/Ipomopsis 2022/Ihyb_797_D_220712_822022_10.qgd,17bc496f-7580-403d-bf8a-7249cb2a3a19,1,Ihyb_797_D_220712_822022_10.qgd
5449,2022-08-02T18:07:18Z,PG_Ihyb_220802b_1.txt,2022-08-03T06:25:12Z,2022-08-03T06:40:02Z,2022-08-03T06:25:12Z,Desorbed NA,,,,11,,,,,,,,,NA,Ihyb_726_D_220712_822022_11.qgd,NA,NA,C:/GCMSsolution/Data/Project1/Campbell RMBL Data/Ipomopsis 2022/Ihyb_726_D_220712_822022_11.qgd,17bc496f-7580-403d-bf8a-7249cb2a3a19,1,Ihyb_726_D_220712_822022_11.qgd
5451,2022-08-02T18:07:18Z,PG_Ihyb_220802b_1.txt,2022-08-03T06:55:41Z,2022-08-03T07:11:27Z,2022-08-03T06:55:41Z,Desorbed NA,,,,12,,,,,,,,,skip-rename,Ihyb_737_D_220712_822022_12.qgd,Ihyb_732_D_220712_822022_13.qgd,NA,C:/GCMSsolution/Data/Project1/Campbell RMBL Data/Ipomopsis 2022/Ihyb_737_D_220712_822022_12.qgd,17bc496f-7580-403d-bf8a-7249cb2a3a19,1,Ihyb_732_D_220712_822022_13.qgd
5452,2022-08-02T18:07:18Z,PG_Ihyb_220802b_1.txt,2022-08-03T07:26:39Z,2022-08-03T07:42:25Z,2022-08-03T07:26:39Z,Desorbed NA,,,,13,,,,,,,,,skip-rename,Ihyb_732_D_220712_822022_13.qgd,Ihyb_530_D_220712_822022_14.qgd,NA,C:/GCMSsolution/Data/Project1/Campbell RMBL Data/Ipomopsis 2022/Ihyb_732_D_220712_822022_13.qgd,17bc496f-7580-403d-bf8a-7249cb2a3a19,1,Ihyb_530_D_220712_822022_14.qgd
5454,2022-08-02T18:07:18Z,PG_Ihyb_220802b_1.txt,2022-08-03T08:28:32Z,2022-08-03T08:44:21Z,2022-08-03T08:28:32Z,Desorbed NA,,,,15,,,,,,,,,skip-rename,Ihyb_715A_N_220711_822022_15.qgd,Ihyb_797B_N_220711_822022_16.qgd,NA,C:/GCMSsolution/Data/Project1/Campbell RMBL Data/Ipomopsis 2022/Ihyb_715A_N_220711_822022_15.qgd,17bc496f-7580-403d-bf8a-7249cb2a3a19,1,Ihyb_797B_N_220711_822022_16.qgd
5455,2022-08-02T18:07:18Z,PG_Ihyb_220802b_1.txt,2022-08-03T08:59:26Z,2022-08-03T09:15:15Z,2022-08-03T08:59:26Z,Desorbed NA,,,,16,,,,,,,,,skip-rename,Ihyb_797B_N_220711_822022_16.qgd,Ihyb_798B_N_220711_822022_17.qgd,NA,C:/GCMSsolution/Data/Project1/Campbell RMBL Data/Ipomopsis 2022/Ihyb_797B_N_220711_822022_16.qgd,17bc496f-7580-403d-bf8a-7249cb2a3a19,1,Ihyb_798B_N_220711_822022_17.qgd
5456,2022-08-02T18:07:18Z,PG_Ihyb_220802b_1.txt,2022-08-03T09:30:17Z,2022-08-03T09:46:04Z,2022-08-03T09:30:17Z,Desorbed NA,,,,17,,,,,,,,,skip-rename,Ihyb_798B_N_220711_822022_17.qgd,Ihyb_506A_N_220711_822022_18.qgd,NA,C:/GCMSsolution/Data/Project1/Campbell RMBL Data/Ipomopsis 2022/Ihyb_798B_N_220711_822022_17.qgd,17bc496f-7580-403d-bf8a-7249cb2a3a19,1,Ihyb_506A_N_220711_822022_18.qgd
5457,2022-08-02T18:07:18Z,PG_Ihyb_220802b_1.txt,2022-08-03T10:01:11Z,2022-08-03T10:16:57Z,2022-08-03T10:01:11Z,Desorbed NA,,,,18,,,,,,,,,skip-rename,Ihyb_506A_N_220711_822022_18.qgd,Ihyb_503A_N_220711_822022_19.qgd,NA,C:/GCMSsolution/Data/Project1/Campbell RMBL Data/Ipomopsis 2022/Ihyb_506A_N_220711_822022_18.qgd,17bc496f-7580-403d-bf8a-7249cb2a3a19,1,Ihyb_503A_N_220711_822022_19.qgd
5458,2022-08-02T18:07:18Z,PG_Ihyb_220802b_1.txt,2022-08-03T10:31:53Z,2022-08-03T10:47:39Z,2022-08-03T10:31:53Z,Desorbed NA,,,,19,,,,,,,,,skip-rename,Ihyb_503A_N_220711_822022_19.qgd,Ihyb_799A_N_220711_822022_20.qgd,NA,C:/GCMSsolution/Data/Project1/Campbell RMBL Data/Ipomopsis 2022/Ihyb_503A_N_220711_822022_19.qgd,17bc496f-7580-403d-bf8a-7249cb2a3a19,1,Ihyb_799A_N_220711_822022_20.qgd
5459,2022-08-02T18:07:18Z,PG_Ihyb_220802b_1.txt,2022-08-03T11:03:28Z,2022-08-03T11:18:19Z,2022-08-03T11:03:28Z,Desorbed NA,,,,20,,,,,,,,,skip-rename,Ihyb_799A_N_220711_822022_20.qgd,Ihyb_717A_N_220711_822022_21.qgd,NA,C:/GCMSsolution/Data/Project1/Campbell RMBL Data/Ipomopsis 2022/Ihyb_799A_N_220711_822022_20.qgd,17bc496f-7580-403d-bf8a-7249cb2a3a19,1,Ihyb_717A_N_220711_822022_21.qgd
5460,2022-08-02T18:07:18Z,PG_Ihyb_220802b_1.txt,2022-08-03T11:33:58Z,2022-08-03T11:49:42Z,2022-08-03T11:33:58Z,Desorbed NA,,,,21,,,,,,,,,skip-rename,Ihyb_717A_N_220711_822022_21.qgd,Ihyb_797A_N_220711_822022_22.qgd,NA,C:/GCMSsolution/Data/Project1/Campbell RMBL Data/Ipomopsis 2022/Ihyb_717A_N_220711_822022_21.qgd,17bc496f-7580-403d-bf8a-7249cb2a3a19,1,Ihyb_797A_N_220711_822022_22.qgd
5461,2022-08-02T18:07:18Z,PG_Ihyb_220802b_1.txt,2022-08-03T12:04:28Z,2022-08-03T12:20:15Z,2022-08-03T12:04:28Z,Desorbed NA,,,,22,,,,,,,,,skip-rename,Ihyb_797A_N_220711_822022_22.qgd,Ihyb_798A_N_220711_822022_23.qgd,NA,C:/GCMSsolution/Data/Project1/Campbell RMBL Data/Ipomopsis 2022/Ihyb_797A_N_220711_822022_22.qgd,17bc496f-7580-403d-bf8a-7249cb2a3a19,1,Ihyb_798A_N_220711_822022_23.qgd
5462,2022-08-02T18:07:18Z,PG_Ihyb_220802b_1.txt,2022-08-03T12:34:59Z,2022-08-03T12:50:48Z,2022-08-03T12:34:59Z,Desorbed NA,,,,23,,,,,,,,,skip-rename,Ihyb_798A_N_220711_822022_23.qgd,Ihyb_706A_N_220711_822022_24.qgd,NA,C:/GCMSsolution/Data/Project1/Campbell RMBL Data/Ipomopsis 2022/Ihyb_798A_N_220711_822022_23.qgd,17bc496f-7580-403d-bf8a-7249cb2a3a19,1,Ihyb_706A_N_220711_822022_24.qgd
5463,2022-08-02T18:07:18Z,PG_Ihyb_220802b_1.txt,2022-08-03T13:05:30Z,2022-08-03T13:21:15Z,2022-08-03T13:05:30Z,Desorbed NA,,,,24,,,,,,,,,skip-rename,Ihyb_706A_N_220711_822022_24.qgd,Ihyb_732A_N_220711_822022_25.qgd,NA,C:/GCMSsolution/Data/Project1/Campbell RMBL Data/Ipomopsis 2022/Ihyb_706A_N_220711_822022_24.qgd,17bc496f-7580-403d-bf8a-7249cb2a3a19,1,Ihyb_732A_N_220711_822022_25.qgd
5464,2022-08-02T18:07:18Z,PG_Ihyb_220802b_1.txt,2022-08-03T13:35:56Z,2022-08-03T13:51:48Z,2022-08-03T13:35:56Z,Desorbed NA,,,,25,,,,,,,,,skip-rename,Ihyb_732A_N_220711_822022_25.qgd,Ihyb_530A_N_220711_822022_26.qgd,NA,C:/GCMSsolution/Data/Project1/Campbell RMBL Data/Ipomopsis 2022/Ihyb_732A_N_220711_822022_25.qgd,17bc496f-7580-403d-bf8a-7249cb2a3a19,1,Ihyb_530A_N_220711_822022_26.qgd
5465,2022-08-02T18:07:18Z,PG_Ihyb_220802b_1.txt,2022-08-03T14:06:21Z,2022-08-03T14:22:12Z,2022-08-03T14:06:21Z,Desorbed NA,,,,26,,,,,,,,,skip-rename,Ihyb_530A_N_220711_822022_26.qgd,Ihyb_712_N_220711_822022_27.qgd,NA,C:/GCMSsolution/Data/Project1/Campbell RMBL Data/Ipomopsis 2022/Ihyb_530A_N_220711_822022_26.qgd,17bc496f-7580-403d-bf8a-7249cb2a3a19,1,Ihyb_712_N_220711_822022_27.qgd
5466,2022-08-02T18:07:18Z,PG_Ihyb_220802b_1.txt,2022-08-03T14:36:46Z,2022-08-03T14:52:39Z,2022-08-03T14:36:46Z,Desorbed NA,,,,27,,,,,,,,,skip-rename,Ihyb_712_N_220711_822022_27.qgd,Ihyb_718A_N_220711_822022_28.qgd,NA,C:/GCMSsolution/Data/Project1/Campbell RMBL Data/Ipomopsis 2022/Ihyb_712_N_220711_822022_27.qgd,17bc496f-7580-403d-bf8a-7249cb2a3a19,1,Ihyb_718A_N_220711_822022_28.qgd
5467,2022-08-02T18:07:18Z,PG_Ihyb_220802b_1.txt,2022-08-03T15:07:12Z,2022-08-03T15:23:03Z,2022-08-03T15:07:12Z,Desorbed NA,,,,28,,,,,,,,,skip-rename,Ihyb_718A_N_220711_822022_28.qgd,Ihyb_712B_N_220711_822022_29.qgd,NA,C:/GCMSsolution/Data/Project1/Campbell RMBL Data/Ipomopsis 2022/Ihyb_718A_N_220711_822022_28.qgd,17bc496f-7580-403d-bf8a-7249cb2a3a19,1,Ihyb_712B_N_220711_822022_29.qgd
5468,2022-08-02T18:07:18Z,PG_Ihyb_220802b_1.txt,2022-08-03T15:37:43Z,2022-08-03T15:53:32Z,2022-08-03T15:37:43Z,Desorbed NA,,,,29,,,,,,,,,skip-rename,Ihyb_712B_N_220711_822022_29.qgd,Ihyb_719A_N_220711_822022_29.qgd,NA,C:/GCMSsolution/Data/Project1/Campbell RMBL Data/Ipomopsis 2022/Ihyb_712B_N_220711_822022_29.qgd,17bc496f-7580-403d-bf8a-7249cb2a3a19,1,Ihyb_719A_N_220711_822022_29.qgd
5499,2022-08-04T07:46:33Z,PG_Ihyb_220804_1.txt,2022-08-04T14:51:33Z,2022-08-04T15:01:40Z,2022-08-04T14:51:33Z,Desorbed NA,,,,1,,,,,,,,,NA,Ihyb_84aT1_N_220711_842022_01.qgd,NA,NA,C:/GCMSsolution/Data/Project1/Campbell RMBL Data/Ipomopsis 2022/Ihyb_84aT1_N_220711_842022_01.qgd,9876c734-d70c-4035-81dd-0b22037728c7,1,Ihyb_84aT1_N_220711_842022_01.qgd
5500,2022-08-04T07:46:33Z,PG_Ihyb_220804_1.txt,2022-08-04T15:22:01Z,2022-08-04T15:37:50Z,2022-08-04T15:22:01Z,Desorbed NA,,,,2,,,,,,,,,NA,Ihyb_84aT2_N_220711_842022_02.qgd,NA,NA,C:/GCMSsolution/Data/Project1/Campbell RMBL Data/Ipomopsis 2022/Ihyb_84aT2_N_220711_842022_02.qgd,9876c734-d70c-4035-81dd-0b22037728c7,1,Ihyb_84aT2_N_220711_842022_02.qgd
5501,2022-08-04T07:46:33Z,PG_Ihyb_220804_1.txt,2022-08-04T15:52:31Z,2022-08-04T16:08:19Z,2022-08-04T15:52:31Z,Desorbed NA,,,,3,,,,,,,,,NA,Ihyb_84aT3_N_220711_842022_03.qgd,NA,NA,C:/GCMSsolution/Data/Project1/Campbell RMBL Data/Ipomopsis 2022/Ihyb_84aT3_N_220711_842022_03.qgd,9876c734-d70c-4035-81dd-0b22037728c7,1,Ihyb_84aT3_N_220711_842022_03.qgd
5502,2022-08-04T07:46:33Z,PG_Ihyb_220804_1.txt,2022-08-04T16:23:09Z,2022-08-04T16:38:56Z,2022-08-04T16:23:09Z,Desorbed NA,,,,4,,,,,,,,,NA,Ihyb_84aT4_N_220711_842022_04.qgd,NA,NA,C:/GCMSsolution/Data/Project1/Campbell RMBL Data/Ipomopsis 2022/Ihyb_84aT4_N_220711_842022_04.qgd,9876c734-d70c-4035-81dd-0b22037728c7,1,Ihyb_84aT4_N_220711_842022_04.qgd
5503,2022-08-04T07:46:33Z,PG_Ihyb_220804_1.txt,2022-08-04T16:53:59Z,2022-08-04T17:09:47Z,2022-08-04T16:53:59Z,Desorbed NA,,,,5,,,,,,,,,NA,Ihyb_84aT5_N_220711_842022_05.qgd,NA,NA,C:/GCMSsolution/Data/Project1/Campbell RMBL Data/Ipomopsis 2022/Ihyb_84aT5_N_220711_842022_05.qgd,9876c734-d70c-4035-81dd-0b22037728c7,1,Ihyb_84aT5_N_220711_842022_05.qgd
5504,2022-08-04T07:46:33Z,PG_Ihyb_220804_1.txt,2022-08-04T17:24:56Z,2022-08-04T17:40:46Z,2022-08-04T17:24:56Z,Desorbed NA,,,,6,,,,,,,,,NA,Ihyb_84aT6_N_220711_842022_06.qgd,NA,NA,C:/GCMSsolution/Data/Project1/Campbell RMBL Data/Ipomopsis 2022/Ihyb_84aT6_N_220711_842022_06.qgd,9876c734-d70c-4035-81dd-0b22037728c7,1,Ihyb_84aT6_N_220711_842022_06.qgd
5505,2022-08-04T07:46:33Z,PG_Ihyb_220804_1.txt,2022-08-04T17:56:08Z,2022-08-04T18:11:56Z,2022-08-04T17:56:08Z,Desorbed NA,,,,7,,,,,,,,,NA,Ihyb_84aT7_N_220711_842022_07.qgd,NA,NA,C:/GCMSsolution/Data/Project1/Campbell RMBL Data/Ipomopsis 2022/Ihyb_84aT7_N_220711_842022_07.qgd,9876c734-d70c-4035-81dd-0b22037728c7,1,Ihyb_84aT7_N_220711_842022_07.qgd
5506,2022-08-04T07:46:33Z,PG_Ihyb_220804_1.txt,2022-08-04T18:27:38Z,2022-08-04T18:43:28Z,2022-08-04T18:27:38Z,Desorbed NA,,,,8,,,,,,,,,NA,Ihyb_84aT8_N_220711_842022_08.qgd,NA,NA,C:/GCMSsolution/Data/Project1/Campbell RMBL Data/Ipomopsis 2022/Ihyb_84aT8_N_220711_842022_08.qgd,9876c734-d70c-4035-81dd-0b22037728c7,1,Ihyb_84aT8_N_220711_842022_08.qgd
5508,2022-08-04T07:46:33Z,PG_Ihyb_220804_1.txt,2022-08-04T19:31:43Z,2022-08-04T19:47:33Z,2022-08-04T19:31:43Z,Desorbed NA,,,,10,,,,,,,,,NA,Ihyb_84aT10_N_220711_842022_10.qgd,NA,NA,C:/GCMSsolution/Data/Project1/Campbell RMBL Data/Ipomopsis 2022/Ihyb_84aT10_N_220711_842022_10.qgd,9876c734-d70c-4035-81dd-0b22037728c7,1,Ihyb_84aT10_N_220711_842022_10.qgd
5511,2022-08-04T16:50:57Z,PG_Ihyb_220804_2.txt,2022-08-04T23:55:48Z,2022-08-05T00:05:49Z,2022-08-04T23:55:48Z,Desorbed NA,,,,1,,,,,,,,,NA,Ihyb_AIRADH_N_220711_842022_01.qgd,NA,NA,C:/GCMSsolution/Data/Project1/Campbell RMBL Data/Ipomopsis 2022/Ihyb_AIRADH_N_220711_842022_01.qgd,2091c10e-d6ba-411f-a642-48a9186bf58c,1,Ihyb_AIRADH_N_220711_842022_01.qgd
5512,2022-08-04T16:50:57Z,PG_Ihyb_220804_2.txt,2022-08-05T00:26:13Z,2022-08-05T00:42:04Z,2022-08-05T00:26:13Z,Desorbed NA,,,,2,,,,,,,,,NA,Ihyb_707A_N_220711_842022_02.qgd,NA,NA,C:/GCMSsolution/Data/Project1/Campbell RMBL Data/Ipomopsis 2022/Ihyb_707A_N_220711_842022_02.qgd,2091c10e-d6ba-411f-a642-48a9186bf58c,1,Ihyb_707A_N_220711_842022_02.qgd
5513,2022-08-04T16:50:57Z,PG_Ihyb_220804_2.txt,2022-08-05T00:59:04Z,2022-08-05T01:14:44Z,2022-08-05T00:59:04Z,Desorbed NA,,,,3,,,,,,,,,NA,Ihyb_AIR5JP_D_220712_842022_03.qgd,NA,NA,C:/GCMSsolution/Data/Project1/Campbell RMBL Data/Ipomopsis 2022/Ihyb_AIR5JP_D_220712_842022_03.qgd,2091c10e-d6ba-411f-a642-48a9186bf58c,1,Ihyb_AIR5JP_D_220712_842022_03.qgd
5514,2022-08-04T16:50:57Z,PG_Ihyb_220804_2.txt,2022-08-05T01:31:59Z,2022-08-05T01:47:51Z,2022-08-05T01:31:59Z,Desorbed NA,,,,4,,,,,,,,,NA,Ihyb_718B_N_220711_842022_04.qgd,NA,NA,C:/GCMSsolution/Data/Project1/Campbell RMBL Data/Ipomopsis 2022/Ihyb_718B_N_220711_842022_04.qgd,2091c10e-d6ba-411f-a642-48a9186bf58c,1,Ihyb_718B_N_220711_842022_04.qgd
5515,2022-08-04T16:50:57Z,PG_Ihyb_220804_2.txt,2022-08-05T02:04:42Z,2022-08-05T02:20:32Z,2022-08-05T02:04:42Z,Desorbed NA,,,,5,,,,,,,,,NA,Ihyb_AIR2JP_D_220712_842022_05.qgd,NA,NA,C:/GCMSsolution/Data/Project1/Campbell RMBL Data/Ipomopsis 2022/Ihyb_AIR2JP_D_220712_842022_05.qgd,2091c10e-d6ba-411f-a642-48a9186bf58c,1,Ihyb_AIR2JP_D_220712_842022_05.qgd
5516,2022-08-04T16:50:57Z,PG_Ihyb_220804_2.txt,2022-08-05T02:36:56Z,2022-08-05T02:52:46Z,2022-08-05T02:36:56Z,Desorbed NA,,,,6,,,,,,,,,NA,Ihyb_729A_N_220711_842022_06.qgd,NA,NA,C:/GCMSsolution/Data/Project1/Campbell RMBL Data/Ipomopsis 2022/Ihyb_729A_N_220711_842022_06.qgd,2091c10e-d6ba-411f-a642-48a9186bf58c,1,Ihyb_729A_N_220711_842022_06.qgd
5517,2022-08-04T16:50:57Z,PG_Ihyb_220804_2.txt,2022-08-05T03:08:58Z,2022-08-05T03:24:37Z,2022-08-05T03:08:58Z,Desorbed NA,,,,7,,,,,,,,,NA,Ihyb_721B_N_220711_842022_07.qgd,NA,NA,C:/GCMSsolution/Data/Project1/Campbell RMBL Data/Ipomopsis 2022/Ihyb_721B_N_220711_842022_07.qgd,2091c10e-d6ba-411f-a642-48a9186bf58c,1,Ihyb_721B_N_220711_842022_07.qgd
5518,2022-08-04T16:50:57Z,PG_Ihyb_220804_2.txt,2022-08-05T03:41:21Z,2022-08-05T03:57:11Z,2022-08-05T03:41:21Z,Desorbed NA,,,,8,,,,,,,,,NA,Ihyb_AIRJP_N_220711_842022_08.qgd,NA,NA,C:/GCMSsolution/Data/Project1/Campbell RMBL Data/Ipomopsis 2022/Ihyb_AIRJP_N_220711_842022_08.qgd,2091c10e-d6ba-411f-a642-48a9186bf58c,1,Ihyb_AIRJP_N_220711_842022_08.qgd
5519,2022-08-04T16:50:57Z,PG_Ihyb_220804_2.txt,2022-08-05T04:13:39Z,2022-08-05T04:29:31Z,2022-08-05T04:13:39Z,Desorbed NA,,,,9,,,,,,,,,NA,Ihyb_AIR3JP_D_220712_842022_09.qgd,NA,NA,C:/GCMSsolution/Data/Project1/Campbell RMBL Data/Ipomopsis 2022/Ihyb_AIR3JP_D_220712_842022_09.qgd,2091c10e-d6ba-411f-a642-48a9186bf58c,1,Ihyb_AIR3JP_D_220712_842022_09.qgd
